IDENTIFICATIONNUMBER,PHONE,IDENTIFICATIONTYPE,FIRSTNAME,LASTNAME,ADDRES
11006,31896,PP,Floris,Vobes,80756 Crescent Oaks Place
31958,10678,CE,Raimundo,Bewlay,9070 Shopko Street
13035,26242,CC,Judi,Breede,0202 Caliangt Avenue
14913,25211,CC,Cissy,Rosenfelt,3303 Milwaukee Road
18165,11081,CE,Franklin,Southern,402 Pawling Hill
31687,10576,CE,Tanitansy,Rosini,1 American Hill
21617,18190,CC,Jo,Puffett,4880 Grover Road
11109,21470,PP,Wye,Gillbard,30126 Kim Hill
19220,23599,CC,Darcy,Phythien,64312 Lunder Terrace
20599,23020,PP,Kirk,Sergeant,802 Menomonie Place
12070,26363,PP,Dominique,Terron,6 4th Lane
23285,11890,CE,Donnie,Boik,2555 Stephen Court
13270,32473,PP,Lorette,Sarchwell,9 Sutteridge Way
25352,22838,CE,Rosemonde,Nary,222 Butterfield Drive
24936,30505,PP,Adora,Shekle,7676 Anzinger Junction
31188,31293,CC,Salomi,Coath,9 Leroy Point
12313,30797,PP,Hyacinthia,Ruthen,9757 Autumn Leaf Junction
16601,20879,TI,Seymour,Dalston,84242 Gerald Plaza
25576,13289,PP,Hayden,Wiley,193 Hollow Ridge Way
29863,31737,CE,Burch,Meadows,8612 Fairview Place
16355,25297,PP,Fleurette,Tailour,33157 Prairieview Center
28661,13309,CE,Roscoe,Abbs,02666 Crescent Oaks Pass
21594,29617,CE,Colver,Mangenet,0366 Bobwhite Point
10484,13281,PP,Saxe,Wesson,6 Holy Cross Place
29152,18351,PP,Dominique,Peppard,884 Crowley Junction
22209,28713,TI,Jesselyn,Adrian,4 Elka Junction
25205,27299,CC,Diandra,Pateman,6030 2nd Pass
23755,30861,CC,Xavier,Goldman,32 Manley Way
20428,23065,TI,Jenni,Fonquernie,1 Hagan Parkway
14871,29260,CC,Jard,Roll,337 Pine View Point
32367,27268,TI,Elmore,Clearley,99948 Mesta Street
11216,13676,CC,Orv,Churcher,21426 Troy Parkway
28019,28419,CC,Annadiane,Bess,06860 Westridge Court
16473,16243,CC,Leena,Chesshire,75402 Buell Pass
20519,22813,CE,Norri,Borrow,2 Dorton Street
13341,23261,CC,Shaw,Cod,554 Hazelcrest Lane
26826,21698,PP,Alysa,Colliss,902 Russell Court
28117,20427,TI,Pace,Rumens,665 Hazelcrest Park
20544,13069,TI,Clarita,Bailie,4584 Moose Way
25879,31986,CC,Bealle,Gavozzi,90 Barby Street
12747,13619,PP,Noelyn,Ennever,67 Reindahl Terrace
24493,18335,CE,Leigha,Ekell,65 Beilfuss Lane
14341,16940,CC,Royall,Tipens,58 Atwood Alley
19671,12986,TI,Iormina,Norton,04 Mesta Alley
27957,16668,TI,Margo,Karp,12 Nancy Drive
27408,19585,TI,Abby,Waterfall,2 Rieder Pass
10227,10043,TI,Parnell,Serrels,16 Arapahoe Crossing
19565,14105,CE,Dodi,Vincent,03437 Grasskamp Crossing
22686,19109,CC,Rosamund,Blackaller,977 Dapin Street
31269,13672,PP,Vincenty,Lambkin,954 Dryden Park
10577,17113,PP,Allsun,Ace,90465 Rusk Road
19031,28538,TI,Yoko,Coverly,776 Derek Place
10433,26376,TI,Aili,Elsdon,29587 Corscot Way
20542,29772,PP,Loise,Michelmore,9079 Ronald Regan Plaza
17998,14182,TI,Isidoro,Mapletoft,225 Loeprich Crossing
32740,28208,TI,Sammy,Stote,28826 Division Point
11466,13846,CC,Vanni,Shoreman,18 Goodland Circle
10879,25533,PP,Prent,Stood,79570 Dixon Point
20571,21346,CE,Geno,Zebedee,33 Monument Drive
27241,12886,TI,Kendell,Benthall,04 Talisman Terrace
20954,28529,CE,Caye,Salvadori,2 Rutledge Trail
13189,31606,CC,Laural,Borthram,2 Holy Cross Park
13450,14880,CC,Holly-anne,Elijah,2 Garrison Parkway
30261,23150,CE,Josepha,Godden,35061 Hagan Point
11620,17657,TI,Alleyn,Klauber,19 Arapahoe Trail
24929,17963,CC,Gayle,Brandone,49949 Birchwood Drive
21879,11639,TI,Burnard,Hoggan,590 Mendota Parkway
20627,31795,PP,Augustina,Spickett,1382 Eagle Crest Alley
15724,28516,PP,Cobb,Spiaggia,1 Loftsgordon Way
18928,16825,CC,Dael,Downie,5 7th Lane
25298,29936,PP,Faustine,Float,090 Corry Circle
20554,25374,CE,Pattie,Wernher,5329 Bobwhite Way
13491,32735,PP,Willem,Seydlitz,86558 Graceland Drive
14829,26527,CC,Berti,Battleson,22 Lakeland Hill
22295,25381,CC,Bentlee,Fullom,5040 Delladonna Road
10111,26483,PP,Madeline,MacAloren,07 Cascade Center
19830,10741,TI,Susan,Flippini,53 Tennessee Circle
25636,21810,CC,Deina,Sultana,19317 Blaine Place
10651,24973,CC,Dick,Cummings,067 Weeping Birch Drive
13798,13055,TI,Selestina,Chotty,533 Kipling Lane
28126,30115,PP,Janey,Josefowicz,9814 Manufacturers Terrace
13197,26383,CC,Evania,Tudhope,586 Orin Plaza
15333,18146,PP,Erny,Gayne,47286 Vera Trail
26153,16357,TI,Lula,Ebenezer,08519 Fieldstone Plaza
25139,23550,CE,Oran,Whitehorn,4992 Weeping Birch Place
23695,28751,TI,Carlota,Shackle,22054 Del Mar Center
22860,27620,CC,Pauli,Hiddy,21 Kinsman Parkway
21035,27916,PP,Rebecka,Winters,265 Monument Crossing
16887,28182,CE,Dulce,Gulvin,9 Express Lane
18168,11342,TI,Everett,Willmett,1 Rutledge Way
17421,16059,PP,Tamiko,Masding,3601 Rigney Road
18439,22348,CC,Dara,Bains,31295 David Trail
31312,29583,CE,Haily,Chretien,799 Rusk Alley
17644,30237,TI,Dorthea,Lever,976 Scofield Park
22917,22384,PP,Bartholomeo,Dunderdale,45 Express Way
21384,30292,TI,Fredrick,O'Curran,18 Golden Leaf Terrace
32603,30204,TI,Riki,De Micoli,16614 Blackbird Avenue
13398,20909,CE,Caron,Bampkin,51 2nd Court
12314,14045,CE,Udale,Summerlee,26 Marquette Parkway
22190,13559,TI,Nataline,Glenton,6 Hermina Pass
12058,25590,TI,Chaddy,Gallardo,51081 Pennsylvania Point
15276,30829,TI,Celesta,Rastall,26076 Briar Crest Road
12610,22161,PP,Jard,Davidwitz,604 Meadow Valley Crossing
24343,14120,TI,Barbaraanne,Philippault,67783 Monterey Plaza
14188,17072,CC,Calla,Haug,9 Bobwhite Circle
21799,18693,PP,Archaimbaud,Bachshell,8729 Meadow Vale Place
21886,20454,CC,Cosme,Haller,00499 Coolidge Circle
23353,18089,TI,Porter,Beckworth,4332 Carioca Drive
28673,27144,TI,Skipp,Parry,55045 Sheridan Terrace
16468,24110,TI,Loella,Kaindl,20405 Pankratz Pass
15332,18826,PP,Iris,Burt,68 Golden Leaf Center
20163,18661,PP,Lynelle,Sollowaye,5287 Kennedy Pass
23780,16264,PP,Dal,Cusworth,5483 Morrow Point
11408,23312,PP,Sari,Sueter,5 Emmet Terrace
22476,21648,CC,Cassi,Pinnock,9533 Fairfield Pass
19483,24134,TI,Kameko,Shears,432 Burning Wood Parkway
16235,19375,CE,Myer,Skeemor,7 Raven Parkway
26881,12096,CC,Britt,Bosanko,2560 Union Drive
18319,18176,PP,Elvyn,Gillebride,67 Loeprich Place
11109,10412,TI,Elora,Pulford,33 Rusk Court
10352,10283,PP,Willi,Hawse,43214 Schiller Center
22028,20374,CE,Joby,Derisly,053 Caliangt Lane
32727,17043,TI,Ortensia,Littlefair,07 Sachs Court
32736,22318,CC,Betty,Verner,03 Southridge Place
24666,12307,PP,Michelina,Riedel,9 Mesta Junction
28203,29342,CE,Nertie,Rolin,44 Kensington Alley
19232,23530,PP,Kori,Chester,36074 Dahle Drive
31391,28250,CC,Martainn,Kubin,2 Annamark Road
30186,16902,CC,Ly,Viveash,1 Bobwhite Lane
13949,29130,CE,Osbourn,Claxton,62839 Sachs Alley
18862,16119,TI,Brandice,Choldcroft,7 International Center
26999,16397,PP,Sybyl,Engel,5 Saint Paul Terrace
24391,28921,TI,Lynette,Porcher,8 Reinke Way
13436,10557,CE,Christoph,Woodthorpe,402 Doe Crossing Park
30675,18564,CC,Tabina,Yepiskov,94227 Harbort Drive
31782,24974,CC,Randell,Miskin,27505 Center Pass
25430,13003,CE,Rhiamon,Whifen,1140 Anthes Parkway
26738,30448,CC,Hort,Boatright,19331 Summit Court
21578,29877,PP,Rhea,Collum,1995 Fisk Hill
22014,12343,CE,Gearard,Gulberg,2 Westend Crossing
11726,17281,CE,Mabel,Taig,9311 High Crossing Plaza
17884,14653,PP,Caralie,Bastistini,802 Thompson Junction
28105,20545,TI,Wilek,Nawton,79 Gateway Crossing
21513,31075,PP,Stinky,Mariner,9 Lotheville Center
23453,24254,TI,Crissie,Goddman,7 Utah Trail
31441,29221,TI,Prent,Peterkin,5 Caliangt Trail
22772,22746,TI,Catina,Landrieu,0 7th Park
27712,12032,CC,Ameline,Paternoster,39529 Aberg Road
18673,26792,PP,Omero,Humby,474 Mariners Cove Court
24480,19369,CC,Danika,Fisher,9 Mcbride Road
22238,21394,CE,Tonye,Stalley,7 Clarendon Plaza
26745,22963,CC,Herby,Dufaire,1 Holmberg Crossing
31536,26603,CC,Ricca,Selkirk,2821 Manitowish Parkway
11119,31445,PP,Timmie,Pickersgill,5574 Hollow Ridge Place
19911,29119,CC,Ara,Essame,02738 Rowland Place
24226,30672,CE,Durand,Newlove,483 Shelley Park
28244,11849,PP,Des,Hexum,62618 Old Gate Circle
14004,23947,PP,Ardene,Dablin,8203 Dryden Street
11427,10916,CC,Martyn,Flett,64697 Garrison Way
27557,11264,CE,Stanfield,Laxston,34534 Atwood Crossing
18260,24469,TI,Antoni,Carlan,51 Barby Parkway
28411,32116,TI,Riccardo,Fildes,2 Hollow Ridge Center
21670,21724,CC,Van,Wilkes,8 Porter Circle
24574,13685,CC,Ludvig,Spark,6722 Heffernan Trail
26862,11053,CC,Hildegarde,Cofax,89860 Surrey Circle
26108,23957,CE,Tiffani,Mocher,02 Coleman Crossing
16610,15921,CE,Igor,Jeandot,0 Mccormick Point
26693,14889,TI,Giles,Davsley,56430 Debra Way
17460,30145,CC,Penelopa,Bock,68610 Warner Point
29127,25030,CE,Cherida,Anthony,2 Kensington Plaza
31063,19770,CE,Uta,Verey,69 New Castle Hill
21789,10715,TI,Lacy,Breheny,74 Chinook Parkway
13921,16659,CC,Lloyd,Cappell,1126 Dovetail Crossing
14636,10324,TI,Loria,Lopez,530 Sachs Trail
21637,12065,PP,Chrissy,McSorley,1 Porter Avenue
17999,23787,CC,Burtie,Welldrake,3 Moose Hill
17896,12680,CE,Calida,Jacobsz,475 Hallows Lane
11460,26433,PP,Stavros,Ciccoloi,3 Tennessee Street
31123,11874,TI,Bastian,Bentinck,2 Meadow Ridge Alley
27123,31791,TI,Cecilius,Wellington,96 Old Gate Center
31510,23923,PP,Marcus,Ivanisov,73063 1st Terrace
13626,13576,PP,Fleming,Geeve,1 Acker Point
32576,23865,CE,Dosi,Longrigg,930 Sommers Park
30977,10085,TI,Khalil,Dwyr,6070 Hintze Center
32527,19776,PP,Dorthea,Sapshed,59620 Farragut Circle
17219,14337,TI,Kermy,Yearnes,04 Thompson Plaza
28439,26621,CC,Heather,Shill,524 Becker Street
20569,23423,CC,Jammal,McCaughey,3359 Redwing Street
23233,22637,PP,Kristofer,Ancliff,59 Beilfuss Street
13398,14644,PP,Alistair,Sissland,04850 Holy Cross Circle
17863,31481,CE,Dulcia,Smoote,320 Sauthoff Street
15172,16800,TI,Bibby,Duffie,938 Carey Circle
12739,18435,CE,Lenka,Taunton,390 Rieder Center
29055,14141,CC,Godwin,Cleverly,21536 Reinke Terrace
23344,30225,CE,Milka,Knowlson,7615 Anniversary Park
30987,13580,PP,Fayette,Fakeley,3772 Delaware Circle
12184,28412,CE,Geno,Stickens,6 Becker Crossing
27653,22385,PP,Lesley,Chrstine,10652 Annamark Trail
12421,29191,CC,Melly,Pointon,421 Morning Avenue
19714,22643,CE,Carny,Cawsy,6964 Sauthoff Crossing
26443,31811,CE,Orlando,Eagleston,7158 Spaight Park
31110,12737,PP,Phillipp,Conquest,86312 Mccormick Point
21906,17665,CC,Shirleen,Everest,16800 Vermont Point
16068,30564,PP,Felipe,Lesley,99 Gateway Road
24990,16809,CE,Blondelle,Gaukroger,55772 School Point
30147,27021,CE,Estelle,Mahody,692 Carberry Street
23924,13002,CC,Bronny,Eilles,95 Judy Point
25032,29272,PP,Skelly,Haney`,237 Carioca Junction
22586,31065,CE,Millie,Hanhart,71 Hanover Plaza
25864,30377,TI,Lina,Dabels,19460 Fordem Avenue
10415,29196,CE,Delcine,Scibsey,4 Gale Lane
12244,27348,CC,Beauregard,Bundock,0 Merchant Plaza
32143,18300,TI,Louella,Pinder,6 Russell Lane
19947,20965,PP,Freida,Call,0281 Anhalt Park
19006,31196,CE,Bianka,Gaiford,83 Truax Alley
10616,16357,TI,Celestia,Cicconetti,8767 Browning Way
29387,18944,PP,Svend,Pittham,40 Mesta Park
12449,26634,CC,Zandra,Thelwll,6909 Southridge Street
20960,27724,PP,Madel,Durban,4 North Drive
10417,12088,PP,Gannie,Dowry,2 Iowa Lane
10624,23532,CE,Emalee,Gallimore,6064 Mayfield Place
19743,21873,CC,Knox,Coo,3574 Montana Lane
26604,32549,CC,Brittney,Pellew,3585 Transport Plaza
29901,25561,CC,Jeane,Fawdery,432 Loftsgordon Lane
28733,29729,TI,Jenn,Groven,244 Evergreen Hill
32292,25046,CC,Anallese,Speere,89028 Schiller Circle
23041,21090,CC,Cathrine,Blondin,37 Mayer Avenue
14771,29823,CE,Gusti,Cooling,570 Dunning Court
15188,17455,PP,Finn,Doxsey,6 Sutherland Point
29804,16455,TI,Florinda,Hinchshaw,6 Becker Trail
14980,23016,CC,Karlotte,Palser,98 Bayside Junction
24402,24237,PP,Karalynn,Kermit,9 Saint Paul Pass
18880,14953,CE,Iormina,Sember,6379 Fisk Place
13115,19605,PP,Sissie,Belf,51 Westend Point
25414,14423,TI,Cynthea,Sang,6 Randy Terrace
25285,31765,PP,Les,Parmby,503 Eagan Circle
22709,31110,PP,Stirling,Orbine,1284 Moland Park
29452,23069,PP,Griswold,Saunders,7 Pankratz Trail
14468,13306,PP,Penny,Mateja,48 Farmco Place
16637,18783,CE,Web,Vlasenko,36590 Surrey Street
24660,29562,CE,Starr,Cholonin,7 Delladonna Avenue
29972,29292,CE,Keelby,Raubenheimer,19 Linden Road
32581,26561,TI,Lydie,Truce,132 Farmco Terrace
21703,12018,PP,Gayle,Bugge,18468 Comanche Center
20122,22386,PP,Corenda,Murty,5 Superior Parkway
12564,16194,PP,Eddi,Sheppard,718 Spaight Park
18454,26840,PP,Hendrik,Kiwitz,2 Trailsway Plaza
16325,12378,CC,Felipe,Copestick,74603 Sutteridge Lane
24084,31509,TI,Benjy,Angerstein,4 Forest Hill
26049,11312,TI,Ailene,Barwis,7685 Nobel Way
19733,16465,PP,Glory,Eitter,05 Melvin Road
23404,21770,CE,Evaleen,Gravey,34 Kropf Avenue
11015,18056,PP,Wilbert,Maharg,1 Shelley Terrace
17761,25823,CE,Glynnis,Akrigg,526 Eastwood Circle
26109,25196,PP,Thea,Bonnet,57102 Fair Oaks Alley
25593,21571,CC,Shermy,Kitchingman,81 Dovetail Terrace
21541,14304,TI,Berna,Sussans,2910 Daystar Center
22454,28749,CE,Ruthie,Raff,9 Kingsford Hill
14936,19735,TI,Ede,Gallaway,5 Mesta Plaza
31894,16705,CC,Bucky,Earthfield,5179 Oakridge Point
10081,15162,TI,Rod,Casali,347 High Crossing Plaza
13201,15961,PP,Suzann,Mattaus,8139 Gulseth Way
27100,18340,CE,Weylin,Checo,23912 Menomonie Place
13627,30602,PP,Gene,Stamp,9268 Village Junction
10822,22493,TI,Bowie,Bollin,1 Surrey Pass
11059,12306,PP,Cathrin,Ferenc,690 Randy Terrace
17088,11986,TI,Clemence,Ineson,58812 Maple Wood Place
17339,25335,TI,Filmore,Pettengell,335 Mandrake Way
18470,10805,TI,Antonie,Harland,3213 Hoepker Place
17819,28715,CC,Gorden,Neeve,970 Bonner Place
12280,17258,CE,Archaimbaud,Grangier,1197 Springview Trail
21186,28945,PP,Linn,Stut,0836 Crest Line Trail
19969,11207,PP,Ransell,Andrag,26 Farmco Road
29941,25745,PP,Cary,Lomond,9317 Northland Crossing
17765,16551,TI,Sonnie,Pilipyak,66 Surrey Park
20625,30834,PP,Win,Eccersley,83 Holy Cross Avenue
17514,11132,TI,Waylen,Bridal,00677 Troy Way
24730,30112,CE,Clem,Taggett,6 Fuller Crossing
21686,20479,TI,Connor,Tolotti,994 Trailsway Trail
15150,24272,CE,Phil,Redon,01539 Cottonwood Court
31722,28427,CE,Marcelline,Finlator,242 Transport Plaza
28513,19714,PP,Alyse,Hegg,558 7th Junction
25847,15991,CC,Delbert,Cinnamond,47 Oak Valley Lane
10765,28081,CE,Helsa,Dibnah,3 Lakeland Crossing
15781,32084,PP,Agata,Weddeburn - Scrimgeour,0 Thierer Junction
20710,10533,CC,Hayward,Klaaasen,8843 Oakridge Place
19117,20518,CE,Birdie,Coatman,28 Tomscot Avenue
31976,18190,CC,Vladimir,Tuffey,1 Fremont Court
30232,21623,TI,Priscilla,Adlard,1075 Commercial Lane
27238,21968,PP,Peria,Collister,5 Blaine Lane
30029,27946,CE,Melanie,Tinline,8 Cardinal Pass
26957,24947,PP,Antonius,Poluzzi,091 Marquette Point
25189,21837,CE,Nial,Hamman,97 Pearson Trail
32337,12046,CC,Wallis,MacMichael,18817 Canary Pass
15633,27162,PP,Vilhelmina,Gollin,9440 Petterle Trail
18085,19717,TI,Grady,Damiral,8907 Esker Point
15268,26821,TI,Rikki,Buckerfield,37 Bartelt Plaza
18329,13906,TI,Teddie,Gaylord,22 Northridge Lane
18026,29041,CE,Lewiss,Meaking,0449 Colorado Place
28552,17887,TI,Rolf,Pirrey,46 Lerdahl Avenue
29394,16221,PP,Kimbra,Balbeck,696 5th Street
13786,14899,TI,Daphna,Nourse,2778 Boyd Trail
13926,13029,PP,Bonnie,Cline,276 Kedzie Plaza
28155,13252,CE,Xavier,Goble,46945 Dwight Avenue
29700,23996,PP,Alick,Woodham,59194 Granby Circle
30436,17137,CC,Levi,Kollatsch,8 Algoma Junction
12028,10354,CC,Alister,Harmon,5293 Mariners Cove Place
31568,20990,CE,Gerrie,Waddilove,4 Vera Place
13171,13528,CC,Vivienne,Friary,7 Towne Hill
23693,17960,CE,Gun,Sambals,58 Mitchell Circle
16862,17495,TI,Alwin,Wint,4 North Terrace
16883,31557,CE,Nolana,Ogles,8264 Scoville Circle
11842,14137,CC,Lanna,Kingman,5 Stephen Court
30693,21667,CC,Bailey,Joskowitz,9250 Pleasure Junction
19340,28123,PP,Perry,Bartolomeotti,0 Fair Oaks Plaza
10091,13537,TI,Saleem,Stickney,467 Mifflin Park
25474,12542,TI,Nehemiah,Hourihane,60984 Chive Circle
20854,24417,CC,Katherine,Uzzell,85 Jackson Park
32365,21128,CC,Nicola,La Vigne,6 Londonderry Alley
18636,20873,PP,Elbertine,Yuryaev,11493 Sutteridge Trail
25831,13830,CC,Cullan,Godin,2 Bowman Center
21473,13816,CC,Nikolai,Jouanny,242 Pawling Plaza
15879,24055,CE,Florence,Langlands,60 Steensland Plaza
29192,29868,TI,Daniela,Enrietto,64 Center Crossing
27101,10281,TI,Gilli,Gwyer,70788 Saint Paul Park
31347,21170,TI,Shelba,Lamba,820 Bashford Place
22529,16349,PP,Allayne,Klemenz,1 Bonner Hill
19278,13830,CE,Somerset,Wallbridge,25 Weeping Birch Terrace
28872,22692,PP,Aigneis,Logesdale,994 Golf Junction
17159,24682,PP,Ashlen,Barthram,4234 Annamark Trail
30446,19187,CC,Latashia,Bodemeaid,98 Vermont Court
27167,24088,CE,Sallie,Mattussevich,69 Kingsford Terrace
20496,17560,CC,Clarie,Woodvine,7117 Blue Bill Park Street
15245,12803,PP,Mae,Collicott,33 Transport Way
29307,11406,TI,Alie,Aldhous,55 Farragut Crossing
10122,31953,TI,Edward,Baignard,1 Arrowood Parkway
11863,17252,CE,Courtnay,Joynson,03 Mcbride Junction
20520,16425,TI,Morie,Grealish,630 Rowland Center
28681,17343,CC,Caroljean,Trunchion,5 Grover Center
23555,26239,CC,Ceciley,Guarnier,21895 Raven Way
20276,18042,PP,Bartie,Gladdin,2 Northport Road
12506,22130,CC,Blake,Roseveare,0 Menomonie Park
12486,31271,PP,Gratiana,Shawell,316 Old Gate Park
23780,13040,TI,Inglis,Sabathe,764 Warbler Street
21031,32077,PP,Auroora,Bail,616 1st Crossing
29097,10862,CC,Lazare,Ellul,6296 Mesta Circle
30672,16042,TI,Isaiah,Eliff,418 Caliangt Lane
22743,13441,PP,Ettore,Hasslocher,1 Jenna Way
26466,25592,TI,Alejandro,Syddie,943 3rd Pass
26542,13343,CE,Derick,Rebanks,5551 Debra Terrace
17919,29834,CE,Lazarus,Skipton,8 Hayes Trail
14825,12974,PP,Jaclyn,Laviste,7741 Lerdahl Center
29564,13750,CE,Calley,Callery,55 Norway Maple Trail
20349,23893,TI,Pen,Fancourt,65281 Lyons Way
21686,32157,CC,Cathrine,Baudy,7100 Paget Junction
31703,22930,CE,Kendall,Wibrew,7038 Buena Vista Point
28337,31428,TI,Violante,Couves,7411 Fremont Terrace
14278,32531,TI,Leann,Gunter,85771 Sycamore Street
31408,32161,PP,Vere,Queenborough,7 Bellgrove Way
13301,28234,TI,Jonis,Bathersby,0424 Evergreen Place
23549,28233,TI,Moses,Juden,949 Walton Center
24786,22346,TI,Hersh,Cullinan,7 Veith Alley
28888,12186,TI,Garrik,Harses,26742 Grim Circle
15765,17508,CC,Hasty,Menicomb,21 West Junction
31641,14157,CC,Carmelle,Kiddie,5001 Crowley Park
17862,30896,CC,Malorie,Girogetti,34192 Becker Hill
14028,29358,PP,Diego,Rawstorne,3015 Waxwing Court
24330,24669,PP,Wilone,Blaydes,491 Starling Park
27509,17321,PP,Adelaida,Ianinotti,1 Southridge Trail
22085,17222,PP,Hannah,Flanne,0 Schmedeman Plaza
16467,13086,CE,Aida,Kirsz,6863 Daystar Street
23494,18854,PP,Connie,Ornils,3529 Anderson Avenue
29918,31062,CE,Mariquilla,Vasilic,1 Dryden Avenue
23440,24267,CE,Rosie,Vezey,8 Myrtle Junction
21705,30088,PP,Duncan,Heggison,87 Lighthouse Bay Terrace
27113,13963,CE,Val,Baily,6 Maywood Plaza
17993,28781,TI,Ruthie,Ell,234 Fuller Court
21625,30265,PP,Raquel,Barnhill,5 Mitchell Court
16119,31361,CE,Godart,Neesam,1208 Alpine Alley
28331,21057,CC,Meryl,Hardson,4 Nobel Trail
27080,30459,CE,Kettie,Van der Brugge,724 Anhalt Place
18630,12435,PP,Gil,Stanesby,348 Norway Maple Pass
32401,19689,PP,Ty,Strass,67 Grayhawk Road
16383,30796,CE,Nanette,Cometto,2 Colorado Road
10295,17299,PP,Bill,Feitosa,1 Eagan Trail
12024,17339,CC,Lissi,Gaskarth,3 Summit Parkway
12148,29773,PP,Dorrie,Jendrich,230 Moulton Court
11099,15163,TI,Cindee,Vallack,90 Lighthouse Bay Hill
17554,24304,CC,Ingar,Chambers,72794 Nobel Terrace
23078,14344,CE,Peirce,Phythian,6 Trailsway Place
26728,11515,CE,Cathe,Eacott,355 Village Green Parkway
30865,19766,PP,Parsifal,Cordingly,87 Surrey Alley
28221,24693,PP,Willem,De Ath,0 Talmadge Terrace
15681,12925,CE,Lutero,Meach,2 Straubel Center
13991,25249,CE,Cleo,Shorter,5 Dahle Avenue
32420,16178,CC,Kelcy,Rizzo,2 Marquette Parkway
25042,21562,PP,Ragnar,Finder,16208 Welch Street
24839,20857,PP,Dominga,Padefield,00 Main Circle
19101,20508,PP,Nyssa,Darth,7901 Dexter Street
28064,18201,TI,Phil,Senn,23537 Russell Court
20508,14856,PP,Alyssa,Jindrak,93 Reinke Lane
24826,24254,CC,Marie,Esposita,62 Atwood Park
19229,22696,CE,Hogan,Gorelli,42409 Hollow Ridge Lane
30595,27708,PP,Lulita,Aylen,7724 Florence Plaza
20934,31045,TI,Ivie,Clear,6632 Monument Plaza
26061,17061,TI,Hester,Itzhaki,2568 Bartelt Pass
30965,17498,CE,Melloney,Ojeda,748 Basil Alley
15264,13268,TI,Bernardina,Bodycote,90 Elgar Court
14391,30070,CE,Bartolemo,Barthropp,981 Karstens Parkway
27756,16746,PP,Carolan,Dewicke,5 Jana Plaza
27171,13234,CC,Marney,Franceschi,05 Kenwood Way
14394,11693,PP,Tabbie,Parfrey,88256 Glacier Hill Plaza
29853,27357,PP,Caritta,Ruscoe,41524 Kennedy Park
27119,31933,PP,Red,Campbell-Dunlop,751 Esch Alley
12274,21095,TI,Zorine,Wynn,82 3rd Way
24364,17822,PP,Enoch,Eldred,0617 Waxwing Place
15286,16233,TI,Junina,Gutcher,187 Dennis Park
20712,24365,TI,Denver,Grissett,378 Bluejay Place
21638,23956,CE,Niel,Rampling,02575 Eggendart Terrace
17605,18816,TI,Norean,Roycroft,5 Sunfield Center
18677,19904,CC,Ursuline,Restall,5631 Rusk Plaza
18996,30899,CC,Charyl,Abrahamsohn,8992 Loomis Center
27020,14570,PP,Laird,Pink,085 Leroy Pass
11829,20537,CC,Meredithe,Faircley,287 Lyons Alley
28749,11059,CC,Karil,Heugel,33 Ridgeview Drive
13025,15087,CE,Arabela,Backe,53841 Goodland Court
30912,21488,CC,Xerxes,Wrack,6885 Bluejay Parkway
29426,15256,CC,Eddie,Moulder,451 International Plaza
27669,23272,CC,Curt,McGirl,74 Fremont Junction
10681,18883,CC,Pippy,Pedersen,86 Wayridge Drive
13947,23023,TI,Gannie,Flatman,7 Summer Ridge Court
10931,18969,PP,Abigail,Redley,1676 Shelley Lane
27481,31105,TI,Charla,Volleth,157 Welch Way
26677,14679,CE,Ricki,Bowser,5 Talmadge Pass
11060,27818,PP,Penni,Cowderay,899 Lyons Alley
18137,27709,CE,Archibaldo,Ambresin,391 Walton Junction
24283,24064,PP,Gabbi,Chiverstone,219 Bluestem Avenue
26813,14467,CE,Jay,McBoyle,46592 Ludington Way
21432,27352,TI,Dionysus,Bremmer,41 Fair Oaks Plaza
19858,10260,CE,Nancey,Spere,37103 Elgar Hill
19498,24046,CE,Lorraine,Hulks,4916 Starling Street
24335,15749,PP,Jacinthe,Stutte,3 Oriole Drive
23611,27494,CE,Felita,Lody,0 Summer Ridge Road
25746,13774,TI,Robinette,Tutt,6410 Transport Avenue
28377,32460,TI,Arnaldo,Mosey,6467 Cascade Center
26988,19776,TI,Vincenz,Tedder,98352 Wayridge Road
22239,10935,PP,Elianora,Baraclough,446 Bonner Plaza
15933,27026,PP,Slade,Fiddy,8916 Messerschmidt Place
14588,18627,PP,Valery,Jagielski,81 Jackson Court
15398,30459,TI,Denna,Eckford,47 Weeping Birch Hill
15592,12188,CE,Ebonee,Angus,30161 Prairie Rose Point
19627,31965,TI,Kelly,Wimp,7296 Service Lane
30523,29873,CE,Oren,Flack,62294 Parkside Court
12912,20841,PP,Dallon,Mewitt,630 Pennsylvania Park
32613,30457,TI,Isador,Somes,484 Morrow Parkway
20395,11439,TI,Ariel,Grummitt,256 Northland Street
12180,10715,CE,Nannette,Playford,21 Sachs Place
24582,25017,PP,Cosetta,Bridger,56 Northport Drive
30737,13708,TI,Bellanca,Halsted,45373 Valley Edge Place
25631,25329,CC,Vinita,Lockier,1 Moose Place
14750,28257,PP,Margret,Chadbourn,756 Hudson Circle
16952,20294,TI,Fernanda,O'Shee,6 Becker Plaza
24211,28871,TI,Wittie,Leppingwell,3887 Tennessee Circle
21079,25025,TI,Kerwin,Cordeux,3 Roth Trail
13966,11340,CC,Konstanze,Kinloch,39 East Court
19727,11894,TI,Adah,Keneforde,741 Melody Center
29589,14428,PP,Torry,McDonnell,8 Charing Cross Parkway
11535,12081,CC,Jeddy,MacSwayde,4854 Hayes Lane
17524,29659,TI,Emilio,Rowdell,7368 Becker Street
16872,19681,TI,Fayth,Lufkin,64549 Dahle Street
32507,12650,TI,Nerte,Rudsdell,56339 Briar Crest Circle
16370,27828,TI,Jill,Aslet,8747 Steensland Pass
22197,26015,TI,Fionnula,Wybrew,145 Badeau Pass
19570,28936,PP,Barb,Denisevich,39 Northland Park
27929,14173,TI,Kizzie,O'Rourke,3 Del Mar Plaza
30914,31208,PP,Jaclyn,Castane,82 Schlimgen Pass
16487,27817,TI,Monika,Tildesley,83 6th Terrace
17753,21804,TI,Blythe,Klimp,14881 Express Place
11792,19935,CC,Rahel,Landsberg,15 Cambridge Center
21693,20409,CE,Justine,Simmon,92301 Stephen Trail
29901,26361,CE,Robinett,Pantin,04175 Arkansas Drive
13727,28883,TI,Conney,Deluca,358 Schlimgen Pass
19783,11375,TI,Benoite,Studdeard,2 Katie Junction
11076,10682,CC,Charo,Cracie,3 Mallory Way
24488,12164,PP,Jerrilyn,Lucey,632 Laurel Place
19790,11816,TI,Alexandr,Geraudel,0550 Hagan Circle
29713,20582,TI,Horatio,Trotton,2116 Laurel Avenue
13575,25098,CC,Krishna,Dawidowicz,36 Coolidge Pass
23545,21738,TI,Lockwood,Paulich,39736 Montana Circle
25672,25403,CE,Cicily,Serck,11 Parkside Plaza
12929,10922,CE,Nelli,Leander,6890 Westridge Street
32348,29220,CE,Kassi,Yemm,2970 Coleman Street
17353,20657,TI,Paloma,Kohtler,92 Calypso Junction
18078,26526,PP,Miriam,Schieferstein,5372 Nancy Crossing
27608,10259,CC,Heloise,Oulner,142 Comanche Alley
12727,28621,TI,Ainslie,Oertzen,6 Comanche Crossing
12435,26473,PP,Chrisy,Cull,0547 Westridge Hill
16653,31301,CE,Jeanine,Chadwen,49715 Farwell Crossing
28236,14148,CC,Lonee,Lord,68819 Kings Pass
13138,22309,CE,Griz,Kobierzycki,5 Anniversary Pass
20976,20896,TI,Simeon,Rominov,7754 Northland Place
25236,21814,CC,Aurelea,Stillwell,47671 Lindbergh Crossing
20003,19654,TI,Abbott,Grube,2600 Buell Hill
21453,29014,PP,Dyna,Tutton,6020 Manley Circle
16253,18522,PP,Nanon,Vignal,3329 Petterle Way
32049,27160,CE,Lonna,Jeans,2129 Oneill Drive
22286,19417,CC,Lorettalorna,Sherburn,19286 Dunning Place
13044,10865,CC,Toddy,Kolushev,30862 Boyd Drive
16178,30441,TI,Abbie,Helliwell,8 Warbler Center
31611,12551,CC,Emmye,Verden,8 Rigney Park
18134,28675,TI,Elbertina,Trowbridge,310 Twin Pines Terrace
11581,19571,CE,Andriette,Nuschke,990 Linden Avenue
29537,31072,PP,Karena,Nicely,2 Dunning Terrace
28617,23240,CE,Andie,Roston,6547 Chinook Way
29765,13329,TI,Fin,Amerighi,95276 Delladonna Crossing
24159,15730,CE,Anneliese,Marriot,16 Grasskamp Terrace
15278,20898,CC,Isabel,Giorgioni,51689 Arrowood Lane
10747,18687,CE,Abel,Benley,3 Elgar Crossing
23385,21506,PP,Gal,Schneidar,24384 Holmberg Plaza
20458,26193,PP,Dulcea,Annatt,27900 Blue Bill Park Crossing
12392,24775,CC,Ollie,Durrington,54 Atwood Lane
30415,29982,CC,Cale,Birbeck,2 Tennessee Center
17706,15801,CE,Randy,Mehaffey,5925 Ludington Avenue
22620,16020,CC,Helena,Sayles,70 Scofield Alley
30152,15906,TI,Nathanil,Forkan,894 Ridgeway Circle
24135,11961,CE,Win,Brickham,67 Myrtle Road
29366,14511,TI,Ofelia,Huscroft,4 Summerview Road
30954,12382,TI,Tymothy,Gentreau,822 Linden Trail
18462,11267,CE,Marchall,MacGlory,27 Mendota Junction
12876,17617,CC,Ameline,Errey,9 Jackson Point
14557,14531,TI,Orelia,Babinski,2 Melrose Parkway
27342,32187,CC,Lynette,Vasin,5593 Cardinal Drive
23778,14326,CE,Dredi,Yantsurev,47 Johnson Alley
23253,30281,TI,Lothario,Leftwich,5163 Arapahoe Trail
15550,26826,CC,Lukas,Gethings,30628 Pleasure Parkway
14883,19624,CC,Cleveland,Averay,32 2nd Plaza
16955,30547,TI,Pippa,Rihosek,42221 Cordelia Center
23386,16375,PP,Sadie,Windross,281 Bowman Alley
10563,10087,CC,Hayden,Guiet,9 Redwing Drive
23228,17611,PP,Shelbi,Secombe,24606 Eagan Park
26122,19729,TI,Viv,oldey,4577 Nevada Pass
25105,23979,PP,Gearalt,Parrot,37 Division Pass
10077,19843,PP,Trever,Petkens,250 Elka Trail
15492,18540,TI,Vanda,Benedick,716 Bultman Point
11224,26780,PP,Brody,Guage,42011 Caliangt Terrace
28674,21618,CC,Constantina,Cestard,4814 Pennsylvania Pass
21210,25062,TI,Ambrosi,Sumers,3617 2nd Parkway
11632,12016,PP,Fabien,McDaid,3 Caliangt Center
19351,11919,PP,Benito,Cogswell,92 Mcbride Lane
21363,15415,CC,Viva,Evemy,9 Marcy Park
31563,15829,PP,Winny,Rocks,90919 Maryland Road
20023,16232,TI,Sal,Marchand,83597 Corry Place
30168,14725,CE,Legra,Peer,1201 Brentwood Parkway
28346,22430,CC,Talia,Mathie,7818 Prairie Rose Junction
17344,21757,CC,Arlana,Gerred,49 Johnson Circle
26932,26188,CC,Vick,Dyter,29263 Jackson Crossing
15840,16918,CE,Darice,Abbatt,941 American Junction
15561,21681,PP,Christie,Rubinowicz,9688 Kim Lane
18522,14812,PP,Collette,Lowson,3369 School Junction
25429,29914,CC,Stephenie,Lamort,41421 Fisk Place
23239,31570,PP,Nathaniel,Epsly,599 Heffernan Place
30048,25549,CC,Carny,Belone,6 Eggendart Place
29640,19100,TI,Tremain,Gethins,8 Doe Crossing Road
31545,21772,TI,Franciskus,Topaz,9 Summit Pass
19508,24440,TI,Andrea,Brickell,638 Melrose Circle
23514,27712,TI,Amelia,Tender,00489 Express Road
11017,30724,CC,Benjamen,Shapiro,1287 Bartelt Road
24989,21741,PP,Ahmad,Rawls,13582 Thompson Junction
16497,22618,TI,Kennith,Peaple,01 Manufacturers Parkway
28336,21045,CE,Ingamar,Apthorpe,503 Summit Street
23109,24214,PP,Marji,Leblanc,6080 Basil Hill
32304,30133,CE,Camellia,Townsley,46 Del Mar Lane
24819,17431,PP,Caroline,Klainman,50 Myrtle Road
23483,16303,CC,Ted,Dalston,6 Daystar Junction
11854,18784,PP,Thornie,Asbury,6 Quincy Circle
12912,12681,TI,Valenka,Talby,32929 Everett Lane
23298,18928,PP,Bradley,Zanetto,64 Scott Alley
12756,13766,PP,Hyman,Kildea,64888 Scott Drive
19713,23218,CE,Gerhardine,Panks,363 Kenwood Crossing
11790,20474,PP,Leonanie,Staples,31 Straubel Park
22796,19442,PP,Reed,Croker,6144 Fuller Hill
21557,26620,CC,Noellyn,O'Heffernan,0 Sunnyside Point
13486,15727,CE,Clementius,Abley,7 Lakewood Junction
11413,28602,CE,Noland,Porter,290 Orin Alley
26904,13224,CE,Konstantine,Penrose,7 Welch Way
23931,14416,PP,Cordelia,Mateuszczyk,5 Burrows Hill
28131,25783,CC,Dylan,Gajownik,4 Mifflin Alley
18627,25777,TI,Gisele,Sicha,3581 Veith Pass
28959,15543,PP,Jemie,Caldairou,169 Kropf Place
26778,23080,TI,Lelah,Fawkes,1797 Green Circle
15970,29302,CC,Dario,Sadd,9 Pleasure Drive
19244,21594,TI,Abelard,Tieman,74 Texas Hill
32759,28501,CC,Gearard,Rawlings,789 Buell Center
25925,26419,TI,Harry,Gallego,192 Bay Court
15064,25015,CC,Piotr,Guilliatt,3 Bobwhite Plaza
24318,19780,CE,Taddeo,Montilla,313 Bluestem Street
21379,14445,PP,Kathye,Sprackling,19460 Corben Way
25872,18519,CE,Griffy,Gallamore,48 2nd Lane
28027,20238,CE,Hermia,Durante,070 Scott Place
30925,17801,CC,Randene,Fitchell,8 Union Drive
13872,10162,CC,Magdalena,Corpes,3 Bay Drive
11718,22669,PP,Valry,Yosifov,47848 Lerdahl Alley
14541,23383,TI,Halley,Laborda,2188 Fair Oaks Plaza
17754,25946,TI,Benedetto,Burberye,7 Corscot Lane
28139,13078,PP,Rocky,Spraging,92 Waywood Avenue
23654,30029,PP,Daryl,Turfes,71817 Milwaukee Trail
14060,29358,CE,Michale,MacNulty,4 Division Point
19621,15416,CC,Max,Greaves,958 Everett Drive
16835,24450,CE,Elle,Farrans,9 Vermont Terrace
28573,11052,TI,Barbara-anne,Grimley,593 Waubesa Terrace
15672,14985,TI,Gaelan,McIlhatton,6 Kipling Junction
26205,27110,PP,Jorie,Bloom,48669 Cascade Drive
19909,23512,TI,Betteanne,Daltrey,4 Park Meadow Park
25840,24860,CC,Billi,McKeveney,825 Carberry Pass
21352,18474,CC,Dale,Moors,41 Gale Parkway
12091,21990,CE,Danny,Bicknell,6 Burning Wood Plaza
27527,27973,CE,Godard,Longmead,16869 Morrow Lane
24566,24395,CC,Katrina,Breacher,842 Ridge Oak Lane
10428,29665,CC,Kim,Rickardes,1 Corben Junction
18992,16117,TI,Davine,Spelman,171 Lukken Road
29970,31615,TI,Cal,Lindstedt,12256 Victoria Avenue
16614,13038,TI,Averell,Cowerd,914 Armistice Road
19459,32197,CE,Brooke,Benkhe,5403 Russell Drive
28283,20112,TI,Joli,Howle,22209 Pleasure Trail
18824,26454,CE,Callida,Goolding,07731 Knutson Alley
25067,19471,CE,Tymon,Bleeze,4 Pankratz Crossing
30767,23955,CE,Randal,Finnemore,607 Starling Drive
23692,31893,PP,Ernestine,MacKnockiter,7 Cherokee Terrace
23109,20418,TI,Nada,Leynham,1179 Hagan Trail
18668,28399,TI,Randee,Speddin,0700 6th Drive
23983,19232,CE,Winslow,Phillpot,3 Waxwing Road
28542,22744,CC,Joice,Shillingford,8502 Lyons Trail
30169,26454,CE,Gib,Connikie,919 Schmedeman Plaza
19561,10311,TI,Johnathan,Spurdens,46015 Memorial Crossing
14624,19666,CC,Oby,Leander,22960 Myrtle Trail
31883,19887,PP,Kaylyn,Ruoff,34 Washington Avenue
23052,13548,CC,Deanna,Sacher,1 Evergreen Point
10738,27151,PP,Leese,Walles,3011 Burrows Terrace
31294,12888,TI,Kissee,Gabbot,907 Dakota Place
26797,12304,PP,Pansie,Rowlings,21 Melrose Circle
21361,10201,PP,Farrand,Giorgio,6 Schlimgen Place
15718,12817,TI,Felice,Mix,427 Di Loreto Park
23151,26437,CE,Ayn,Snodden,97828 West Parkway
26468,22110,CE,Ossie,Appleton,4865 Charing Cross Crossing
31615,27805,TI,Dillie,Leil,90 Buell Street
18865,12528,PP,Wakefield,Cromblehome,8 Superior Crossing
23394,27648,TI,Demetria,Ligoe,1 Thompson Crossing
32443,14182,CC,Kristi,Judgkins,18952 Kim Street
12977,26946,CC,Kristopher,Robken,7 Golf View Avenue
19380,26363,PP,Willabella,Whitecross,01 East Alley
10065,26187,CC,Neille,Wallege,57 Valley Edge Point
30818,18537,PP,Dan,Petren,7 Londonderry Trail
32366,29023,PP,Ardine,Frankes,7126 Golden Leaf Crossing
22984,20005,TI,Frederich,Lawther,73279 Clemons Trail
11547,17737,PP,Ingmar,Lambdin,3 Bonner Hill
19829,11345,CE,Hesther,Domange,64058 Mayer Junction
26599,32471,PP,Susanna,Upshall,152 Sommers Crossing
25170,25889,PP,Parke,McGaugie,40 John Wall Lane
26711,25379,TI,Karl,Artis,3237 Cottonwood Road
11866,27485,PP,Dania,Pennuzzi,22 Center Hill
10776,11180,CE,Vin,Banville,41 Killdeer Terrace
25201,10505,PP,Agathe,Chapling,3835 Eagan Park
27285,32427,CE,Carol,Skittles,4131 Golf Course Street
24994,31001,CC,Adelaide,Wipper,6193 Roxbury Road
11597,27268,PP,Feliks,Currum,01 Maple Drive
14507,14101,CE,Pammie,Ateggart,016 Monica Terrace
11983,25292,PP,Halsy,Grigorian,67960 Butterfield Court
30552,27999,PP,Isaak,Shinner,05789 American Ash Alley
19672,29134,PP,Portia,Going,47 Elmside Drive
17758,26496,PP,Anthony,O'Hern,4402 Morrow Lane
30091,12402,TI,Lacey,Bellenger,5 Atwood Trail
18383,24180,CE,Gorden,Aicheson,09 Valley Edge Crossing
24816,14296,CC,Elsworth,Daniell,35268 Main Point
24702,26442,TI,Tobey,Toun,189 Manitowish Street
22498,12783,PP,Myles,Loiterton,082 Vidon Court
14609,25351,CC,James,Gilvear,10 Eastlawn Terrace
28526,12225,PP,Merrick,Beckinsale,594 Del Sol Crossing
30498,27839,CC,Clem,Brunelli,19680 Prairieview Parkway
30076,19723,TI,Cassie,Tabert,599 Sunnyside Trail
16139,32511,TI,Georges,Rozenbaum,5874 Riverside Plaza
22481,12592,CE,Chris,Langham,823 Nelson Park
26487,16746,CC,Ninon,Czajka,43129 Lakeland Place
14030,11469,PP,Rosabel,Trematick,76 Bartillon Point
21352,14719,PP,Patty,Rubel,6449 7th Parkway
18064,28909,TI,Marrissa,Aguirrezabal,9812 Independence Court
17588,26335,TI,Marc,Stanfield,2125 Weeping Birch Alley
30930,22222,TI,Curtis,Gotter,90 Tony Court
31211,10917,CC,Bambi,Oliva,7818 Pond Court
16144,24608,CC,Lorne,Pattullo,6718 Morningstar Avenue
18204,28177,CE,Niles,Pipping,61 Brentwood Lane
19277,20249,CC,Benn,McLemon,23 Stoughton Hill
16776,31438,CC,Constantine,Maffiotti,4898 Redwing Center
12120,31568,CC,Clemmy,Bernard,6 Bultman Road
23922,14024,TI,Desiri,Beevors,6 Scofield Court
25546,17742,CE,Jorrie,Shelvey,21 Village Court
21490,13824,CC,Cory,Giovannacc@i,01 Green Park
30861,13903,TI,Lee,Arrell,7450 Steensland Way
30588,20952,CE,Padgett,Ennever,3 Kim Drive
26799,26050,CC,Andree,Hansard,1 Commercial Avenue
21075,28722,PP,Rosamond,Riddler,5837 Fisk Junction
19954,10158,CE,Byrom,Idenden,52 Carey Drive
21114,17750,TI,Shaine,Esplin,6549 Springview Center
21672,12215,CE,Jeremie,Simoni,40820 Granby Parkway
13305,27758,CC,Karie,Middup,367 Raven Center
13933,12018,PP,Vinita,Hambling,35 Lien Drive
19774,20633,TI,Mose,Cordner,86626 Florence Drive
23260,21157,TI,Selby,Dibsdale,7 New Castle Pass
15091,18664,TI,Remus,Castiglio,468 Swallow Center
22956,32692,PP,Hubie,Maskelyne,7 Dovetail Way
30028,19101,PP,Kirbie,Linklet,6875 Moulton Street
19555,15444,CE,Dodi,Medendorp,05 Saint Paul Lane
26700,20115,CE,Virge,Fitzroy,9416 Sloan Circle
17272,27226,TI,Sharleen,Keetley,4596 2nd Drive
14959,31140,TI,Delphine,Whodcoat,48 Brentwood Road
19281,12190,TI,Rollie,Devanney,4417 Hanson Hill
26981,12614,PP,Nate,Oganesian,54 Buena Vista Junction
13911,22423,CE,Wendi,Portman,5 West Parkway
23470,21569,CC,Linoel,Baxandall,2492 Loomis Point
31555,22147,CC,Hildegaard,Leverentz,19 Sugar Court
10062,14988,PP,Vlad,Nussen,3756 Scofield Junction
14606,23871,PP,Court,Douris,5022 Caliangt Hill
31018,21959,CC,Brod,MacGillespie,19 2nd Court
30396,11082,CE,Dorolice,Alger,6877 Schurz Point
24681,12112,CC,Biddy,Jerman,69 Fair Oaks Park
22396,13586,TI,Boonie,Prescote,173 Briar Crest Alley
20903,18220,CC,Liana,Thewys,5 Jay Way
24490,10914,PP,Ewell,Dowderswell,83808 Corben Pass
29282,21867,PP,Jeremie,Nibloe,9 Londonderry Court
26599,15393,PP,Cheslie,Jugging,7 Cardinal Terrace
15927,17078,CE,Adan,Pixton,887 Lakewood Gardens Park
15723,28481,PP,Rob,Snodin,8 Hermina Trail
14529,26328,CE,Teresina,Vigurs,55632 Pearson Court
29121,22904,CE,Mollie,Iglesia,7964 Troy Circle
31345,11671,TI,Siana,Bullingham,3687 Fremont Center
17434,15824,PP,Gaby,Polson,54 Londonderry Terrace
20580,29320,CC,Clarence,Lenden,9488 Alpine Drive
10833,18278,TI,Malissia,Jimson,40 Merrick Plaza
20575,11149,CE,Ruddie,Basant,0933 Bobwhite Park
18612,14767,CE,Deedee,Chaman,3 Gale Trail
30320,17145,TI,Yanaton,Worvill,4047 Hallows Trail
28965,21136,CC,Catharina,Takis,43 Becker Crossing
29348,17387,CC,Riannon,Deegan,66 Manufacturers Trail
10469,11502,CE,Cassandra,Murrells,1 Basil Lane
31019,32144,CE,Isabeau,McGaffey,1445 David Junction
10833,31196,TI,Marcelia,Posnett,3 Mesta Street
19337,30112,CE,Cullin,Marson,9163 Lighthouse Bay Street
26619,26615,CC,Reine,Hardy-Piggin,4 Upham Crossing
23046,17367,PP,Darn,Moyse,8486 Rusk Trail
16750,14849,TI,Lyn,Gadsdon,8267 Cardinal Point
12128,27741,CE,Isaiah,Wathen,6 Nelson Terrace
23971,28460,PP,Halimeda,Assel,4873 Petterle Junction
29487,17802,CE,Anastassia,Parsall,24032 Killdeer Point
26489,30349,TI,Alvira,Batiste,7282 Del Sol Lane
16606,30895,PP,Vin,De Giorgio,679 Gerald Circle
26293,13140,CE,Ruperto,Strathe,63697 Mcbride Point
27462,29904,CE,Linea,Allmond,084 Blaine Point
30489,12023,PP,Juliana,Emett,3 Forest Circle
31692,27630,TI,Consuelo,Hawler,24891 Dunning Crossing
10125,14596,TI,Amelia,Monckton,6 Union Court
29665,11106,CC,Artur,Mournian,60 Killdeer Pass
25281,10465,CE,Yoshiko,Dorkens,42 Bluejay Park
20805,30758,PP,Dannie,L' Anglois,39 Alpine Park
27265,17102,CE,Linnea,Benkin,27714 Sage Road
30461,19875,CE,Jessee,Gierth,06 Bashford Terrace
30857,24434,CE,Rowe,Arnaut,97 Ridge Oak Terrace
18478,11483,TI,Lisa,Franschini,0 Sycamore Alley
25543,10411,TI,Harvey,Andrusyak,356 Rockefeller Place
10562,16446,CC,Sylvester,Kermeen,470 Arkansas Hill
18868,15553,PP,Edan,Blinder,46 Monica Place
23791,23764,CE,Fayth,Lissenden,04 Moland Hill
27498,16601,PP,Ediva,Sprionghall,414 Hollow Ridge Way
16504,32559,TI,Marina,Severn,23 Talisman Center
17267,30559,PP,Farrel,Byfford,2125 Welch Pass
23221,26811,CC,Noby,Fancet,264 Green Ridge Avenue
30849,15747,CC,Rikki,Linkleter,1762 Merrick Plaza
21682,32667,PP,Lennard,Southall,80750 Blackbird Crossing
20101,26583,TI,Manuel,Stanluck,21 Nova Plaza
21943,12454,CE,Ellery,Jouen,286 Continental Way
13437,27414,CE,Denni,Fausch,6704 Debra Way
25079,28658,CE,Denni,Bakewell,2 Columbus Crossing
21078,12692,CE,Link,Leynton,5 Walton Avenue
15319,26932,CC,Teodor,McKeran,2192 Hintze Terrace
19221,16501,TI,Zola,Polon,9323 Lukken Parkway
10597,11055,TI,Si,Tailour,6546 Old Shore Lane
31589,28820,TI,Querida,Bumford,61922 Jenifer Junction
20559,14293,CC,Adrea,Haysman,551 Iowa Avenue
19098,20985,TI,Grethel,Downing,2 Mcguire Pass
18110,11240,CE,Jacquelin,Spindler,57 Jay Trail
18620,27907,PP,Garrot,Fillery,9836 Arrowood Park
15442,32258,TI,Willard,Hendrich,77 International Circle
15553,13867,PP,Waverley,Gilhespy,228 John Wall Place
28486,25405,CC,Bethena,Sherred,556 Boyd Crossing
26465,30038,CE,Geoffry,Phinnessy,62115 Weeping Birch Crossing
20026,13195,CE,Jilly,Killingbeck,57499 Monica Park
29120,28575,TI,Cordell,Janouch,28 Oak Valley Circle
20238,24311,PP,Rudolf,Baggallay,76081 Manley Junction
24720,14133,CC,Adelaide,Wallwood,85987 Lyons Lane
16277,10205,CC,Margret,Hegges,8195 Eagan Lane
23692,32029,PP,Emogene,Usher,28801 Cardinal Pass
11076,30114,TI,Germaine,Wilby,518 Cambridge Lane
11876,28778,CE,Erskine,Rabjohns,931 Lakewood Drive
27389,17820,TI,Cary,Abelson,78 Maple Wood Lane
25262,28484,CC,Oliy,Elsy,962 Milwaukee Park
10513,29918,CE,Babbie,Reece,87 Milwaukee Lane
21019,19127,PP,D'arcy,Sodory,1 Blaine Road
27670,30201,CC,Neddy,Meffin,4572 Village Green Lane
25558,13213,CE,Debra,Thonason,13866 Marquette Avenue
18577,16832,PP,Shirlene,Trevithick,11 Sloan Crossing
10968,21814,CC,Mead,Kingscott,06 Anhalt Court
14236,19777,CE,Orsola,Jellings,8746 Lien Park
23298,13611,PP,Eleni,Dangl,1288 Daystar Terrace
22903,14718,PP,Jesselyn,Benka,974 Hanover Hill
11119,22994,PP,Petra,Du Plantier,76331 Walton Junction
21283,19281,PP,Bondy,Gartenfeld,94 1st Terrace
28558,14592,PP,Liza,Munford,2 Kinsman Crossing
11096,25111,PP,Boonie,Aberkirdo,993 Spaight Alley
24706,24350,PP,Eleanora,Duigan,336 Michigan Hill
22268,31548,PP,Lon,Claypole,3 Arapahoe Point
11659,16058,CC,Witty,Dyball,10 Norway Maple Alley
14813,19233,CC,Selene,Muldownie,35 Sachtjen Road
29225,19812,TI,Carny,Jouannot,0364 Parkside Terrace
10859,21531,CE,Anson,Lant,854 Fisk Circle
18336,26486,CE,Durant,Cheyney,73 Myrtle Parkway
32748,20693,PP,Cly,Muscroft,1 Orin Street
13575,14350,TI,Gram,Cromb,3175 Golf Course Court
10221,20600,TI,Clareta,Limrick,74 La Follette Point
14343,30648,CE,Mellisent,Langhorn,3319 Dwight Junction
14440,12229,PP,Laird,Spatig,162 Carey Parkway
22243,10306,PP,Crichton,Elam,43136 Melby Way
20311,31607,PP,Consolata,Chalke,50 Memorial Pass
24948,15846,CC,Baxter,Augustus,3216 Derek Junction
30791,26373,PP,Lita,Bernhardi,7 Continental Lane
21823,32555,CC,Harlen,Drakers,367 Hintze Street
11005,24690,PP,Guinevere,Codlin,868 Sundown Crossing
17983,31763,CE,Neila,Arch,4 High Crossing Terrace
32264,12939,CE,Nadia,Chatel,23876 Veith Junction
11118,22350,TI,Jolynn,Beams,0 Larry Drive
21833,21016,CE,Danna,Nisby,20 Sunbrook Avenue
15039,19792,TI,Deane,MacGlory,2 Cherokee Court
27406,25323,CC,Johnathon,Woltman,7813 Scott Circle
10106,31312,CE,Quincy,Gawthrop,0 Buell Trail
28282,13149,CC,Rozanna,Slevin,15 Ruskin Way
14977,27820,CE,Lissi,Garbutt,6 John Wall Plaza
13882,16292,TI,Sylas,McLennan,43 Declaration Drive
15961,28223,PP,Rosabel,Singh,6 Monterey Trail
23427,19379,TI,Dillon,Glisane,6769 Tony Junction
27079,30255,TI,Alissa,Curdell,042 Graedel Street
12508,27625,CC,Catie,Wearn,42294 Thierer Park
13556,11351,CC,Norrie,Jelfs,99 Nelson Pass
30349,11796,PP,Josiah,Tacon,7 Hintze Trail
21471,32093,CE,Kikelia,MacCague,646 Badeau Terrace
25166,32116,TI,Ty,Urlin,116 Reindahl Pass
15149,18449,TI,Josy,Bignell,595 Del Mar Park
31430,18205,CC,Harald,Petrovic,602 Coolidge Road
27291,26763,CE,Lilllie,Trusty,12160 Loomis Lane
30603,18224,TI,Mariele,Frankcom,1968 Merry Road
11348,30780,TI,Joelynn,Gorring,0405 Delladonna Junction
27835,18547,PP,Barthel,Eckley,692 Moulton Drive
11218,16801,PP,Clementine,Ebdon,8229 Dorton Point
11933,22396,PP,Maurita,Cargen,9 Fieldstone Avenue
17821,26036,TI,Sebastien,Hadgkiss,75476 Northfield Street
29583,16039,TI,Nonah,Giddings,3618 Cordelia Circle
23143,24838,PP,Vivian,Vinas,7678 Saint Paul Drive
31245,11810,CC,Mady,Fourmy,922 Londonderry Crossing
10125,20060,TI,Claiborn,Johansen,3422 Declaration Crossing
13544,32425,CC,Charisse,Wonham,23113 Union Way
17859,26535,PP,Deck,Langford,45 Pond Circle
12687,18265,TI,Tessy,Gilleson,2 Rieder Trail
20880,22279,PP,Aloin,Yurivtsev,45079 Westridge Avenue
20800,29145,TI,Arly,Chatenier,8943 Londonderry Place
31668,11217,CE,Angelle,Maceur,36 Amoth Point
29322,17842,TI,Jannelle,Hellin,079 Heffernan Avenue
29713,15145,CE,Blondie,Sine,24 Warrior Road
15450,21331,TI,Mahmoud,Grafom,27 Ruskin Junction
18111,30264,CC,Melanie,Cassell,7297 Pine View Court
24685,22344,CE,Phaedra,Greep,1660 Hintze Plaza
24738,25739,TI,Tom,Sneezum,65678 Eggendart Circle
25496,16015,CC,Glenn,O'Rafferty,0290 Onsgard Place
28294,28674,CE,Johna,Castro,4 Hintze Crossing
29438,28953,TI,Elysia,Girardey,5 Elmside Lane
18946,16352,TI,Johnathan,Dwerryhouse,36 Veith Drive
19136,11243,CC,Chiquia,Stinson,8734 Forster Place
18091,12903,TI,Maible,Buesnel,0799 Talmadge Terrace
27274,20898,TI,Terri,Germon,4 Sherman Plaza
27358,10412,PP,Godiva,Duckfield,39675 Westerfield Pass
23312,31285,PP,Gil,Eckersall,85720 Red Cloud Crossing
31637,28201,TI,Helen-elizabeth,Yegorchenkov,6 Lillian Hill
19272,22527,TI,Jedediah,Sergison,8 Emmet Circle
21620,13077,CE,Florance,Ridwood,66452 Elmside Circle
28814,32680,CC,Emelen,Frenzl,37 Leroy Avenue
22181,11197,CC,Nathaniel,Bachshell,1 Everett Hill
23569,12615,CE,Allyson,Bromage,42926 Golf Hill
30249,29937,PP,Christin,Dukelow,7958 Red Cloud Road
22949,15413,TI,Aguie,Cuff,6 Gina Alley
14939,29197,CC,Dinnie,McGoon,130 Burrows Way
25269,32743,CE,Ludovico,Choldcroft,38356 Mandrake Park
29278,30072,TI,Hammad,Birkbeck,48 Myrtle Trail
26448,16422,CE,Tabbie,Dizlie,282 Mendota Road
21928,28644,CC,Foss,Allett,3874 Waxwing Alley
15082,25964,TI,Margarethe,Medcalf,15787 Victoria Park
30158,10433,CC,Tadd,Gier,26 Sheridan Place
32252,16686,CE,Coop,Scales,41 Goodland Way
10244,10797,TI,Iolanthe,Sinderson,523 Village Place
29232,12418,CE,Corinne,Boow,7130 Nancy Alley
17534,31484,CC,Rina,Corser,70132 Village Green Trail
31000,20691,PP,Tobe,Georgiades,3697 Buell Court
14029,30627,PP,Konstantin,Bunston,1199 Dwight Drive
32526,20756,CC,Jolee,Shinn,215 2nd Junction
15055,11707,CE,Dori,Aberkirdo,8314 Dryden Way
16502,11156,CC,Jorry,Ortmann,86 Maple Wood Alley
19119,21705,CE,Theodoric,Crocetto,58 Thierer Pass
29941,31521,TI,Carmella,Posner,4581 Anzinger Lane
19503,24212,CE,Karalynn,Maypowder,0 Superior Trail
14709,19906,TI,Allie,Whithalgh,54 Village Plaza
29363,19440,TI,Cristine,Cassel,75 Menomonie Junction
25945,31742,TI,Morissa,McSpirron,178 Mcguire Way
21085,31871,TI,Dulcinea,Blaine,61 Main Lane
23843,21830,CE,Jada,Cloake,7 Blue Bill Park Road
13127,28375,PP,Conn,Corlett,63631 Sundown Way
24218,12304,CC,Kerry,Dimitrie,76 Nobel Crossing
30826,30197,PP,Britteny,Alekseev,90 Miller Lane
13886,18940,CE,Cassaundra,Quigg,0682 Nevada Hill
31719,13246,CE,Washington,Jenteau,6052 Steensland Road
15176,12637,TI,Deana,Ablett,0278 West Road
29700,22558,PP,Miltie,Gilliver,95868 Kipling Terrace
32393,15077,TI,Sula,Pigdon,855 Calypso Hill
12928,25473,CE,Geoff,Nowlan,9342 Mandrake Circle
15795,14290,PP,Hester,Gillyatt,3 Di Loreto Avenue
26924,10544,CE,Kathe,Exter,14 Lighthouse Bay Terrace
14873,10851,CC,Evonne,Godfree,1 Merry Way
17650,14439,TI,Massimo,Mowatt,7 Warbler Parkway
27777,19152,TI,Gare,Mirando,8 Toban Way
27659,18334,PP,Aviva,Antliff,4 Village Green Place
23942,11611,CC,Bondon,Prinnett,20 American Way
21973,16599,TI,Gearard,Mozzetti,3987 Weeping Birch Hill
25200,10711,CC,Susanetta,Crew,56 Corscot Avenue
26165,25913,CC,Eva,Havesides,142 Dryden Point
19269,23570,CC,Nissy,Gurney,07127 Lyons Plaza
22439,21250,CE,Del,McCanny,698 Dwight Trail
13275,28134,CE,De,MacGillicuddy,31 Mccormick Alley
14935,12361,CE,Elwin,Alflat,3 Ridge Oak Circle
28829,16234,TI,Shelby,Skeels,8972 Heffernan Place
15763,13111,PP,Eolanda,Missington,5 Monterey Drive
29598,16418,PP,Silva,McNeish,1 Talisman Junction
10135,21073,CC,Quill,Gooderidge,2593 Cambridge Lane
20152,19959,PP,Faustine,Erlam,65 Sommers Court
16117,20747,TI,Sharyl,Luttger,410 Hovde Pass
13283,20629,CC,Rey,Burne,16927 Arkansas Circle
11046,32100,CC,Kirstin,Stephenson,5761 Havey Court
22543,24953,TI,Koenraad,Ivanchin,03 Gateway Pass
10288,16120,CE,Clemmie,Cadalleder,84441 Knutson Court
17443,32339,PP,Maggi,Swyn,787 Carpenter Circle
29624,28513,CC,Jayne,Gilliver,611 Caliangt Alley
22182,10916,PP,Griff,Andersen,7 Daystar Street
14577,30145,CC,Brandea,Fante,07 Amoth Lane
25526,17559,CC,Jacki,Duthie,4 Monument Lane
25979,10135,CE,Neil,Beteriss,268 Warbler Way
15707,22527,PP,Gilbert,Shouler,99705 Graceland Way
18428,25662,CE,Chandler,Cheyne,98510 Merry Terrace
13956,31379,PP,Conni,Blincowe,20 Bay Junction
21752,29993,TI,Earvin,Deinhardt,1288 Shopko Circle
10518,14658,CE,Felice,Insull,68 Duke Pass
20419,31913,TI,Mollie,Siemandl,02418 Macpherson Street
25298,12699,TI,Svend,O'Duggan,92898 Gateway Street
21294,16925,CC,Sukey,Cuthbertson,86621 Darwin Lane
12592,23049,CE,Farlay,Behnecke,35495 Debs Circle
17026,32039,PP,Zelda,Clifford,0 Milwaukee Road
30334,27447,CE,Roch,Yepiskov,3487 Northview Court
24913,32655,TI,Yoko,Ipgrave,86579 Manufacturers Parkway
11771,27859,PP,Michale,Calkin,91 Butterfield Park
16163,22734,TI,Shae,Lightoller,44 Holy Cross Road
25289,30534,TI,Carole,Mitchiner,65222 Arapahoe Plaza
13785,25551,TI,Goldia,Knott,75 Becker Drive
17095,32743,TI,Lulita,Caldayrou,8 Morrow Hill
29870,17364,CE,Sibley,Fells,5093 Reinke Hill
18649,20664,CE,Marybelle,Swinfon,05 Kennedy Pass
29079,32625,PP,Wyndham,Stampfer,7 Judy Center
25115,18961,PP,Onfroi,Noni,6 Tennyson Avenue
16282,20444,CE,Florella,Seer,89 Carioca Drive
13552,23090,TI,Broderick,Byass,2 Cody Way
16668,24719,CC,Carlie,Andersen,2165 Monument Lane
23418,25219,CC,Eula,Collier,20 Jackson Alley
21051,19953,TI,Elsinore,Goldie,642 Tony Crossing
30259,11753,TI,Brittne,Saunders,57 Nelson Way
27265,19579,CC,Eddy,Belford,7960 Grim Terrace
24227,29052,CE,Elna,Klassmann,885 Rowland Circle
25461,30557,PP,Aurelea,Enbury,2 Blue Bill Park Junction
14161,15530,PP,Sven,Kett,9713 Kedzie Lane
28707,15903,PP,Meagan,Lehrian,47271 David Crossing
13405,17072,CC,Terrel,Van Velden,3863 Prairieview Place
30098,31663,TI,Izak,Rosendale,6 Hermina Way
17253,16003,PP,Linc,Blaxton,4 Elgar Way
18663,26072,CE,Frederico,Bowfin,993 Bayside Plaza
15111,21556,CC,Owen,Marsay,3 Burning Wood Court
27393,23091,CC,Gusta,Hinkens,62417 Declaration Pass
21706,11485,TI,Urban,Gagen,19888 Ludington Pass
12930,31729,TI,Axe,Lynes,0261 Mcguire Court
20363,31232,PP,Harold,Ginnaly,446 Menomonie Court
26742,25921,CC,Adrea,Brennans,78 Delladonna Road
26833,18173,CE,Susannah,Mac Giolla Pheadair,75895 Eggendart Junction
