CODE,COST,NAME,DESCRIPTION
15042,3017,Pastry - Key Limepoppy Seed Tea,mauris enim leo rhoncus sed
1924,3840,Longan,metus aenean fermentum donec ut
1375,4241,Goulash Seasoning,aliquam erat volutpat in congue
13378,1581,Tuna - Yellowfin,nullam molestie nibh in lectus
6263,3429,Goulash Seasoning,enim blandit mi in porttitor
10407,4434,Tomatillo,nibh quisque id justo sit
13963,4209,Wine - Red Oakridge Merlot,sed magna at nunc commodo
12696,4655,Tea - Honey Green Tea,habitasse platea dictumst aliquam augue
9176,4220,Roe - Flying Fish,faucibus orci luctus et ultrices
5718,1915,Jam - Apricot,neque duis bibendum morbi non
12727,3082,Onions - Green,massa id lobortis convallis tortor
14396,1916,Tarts Assorted,viverra eget congue eget semper
17943,4326,Squid Ink,aliquam erat volutpat in congue
14727,1279,Ice Cream Bar - Oreo Cone,odio donec vitae nisi nam
7894,2423,"Cheese - Brie, Triple Creme",ut at dolor quis odio
16519,2867,Cookie Dough - Double,eros suspendisse accumsan tortor quis
13845,4216,Sugar - Crumb,magna ac consequat metus sapien
11340,2658,Sugar - White Packet,primis in faucibus orci luctus
12232,3906,"Sole - Dover, Whole, Fresh",diam vitae quam suspendisse potenti
13661,3055,Tea - Herbal Orange Spice,in imperdiet et commodo vulputate
2874,2776,"Quail - Eggs, Fresh",ipsum primis in faucibus orci
2619,2381,Yukon Jack,lorem quisque ut erat curabitur
19357,4680,Cucumber - Pickling Ontario,nisi at nibh in hac
14978,2269,Towel - Roll White,ut suscipit a feugiat et
7784,1821,Apron,curabitur convallis duis consequat dui
7721,4767,Lettuce - Radicchio,quis tortor id nulla ultrices
16899,3170,Artichokes - Jerusalem,blandit non interdum in ante
19091,1275,Pastry - Cherry Danish - Mini,luctus et ultrices posuere cubilia
2811,1537,Tarts Assorted,metus aenean fermentum donec ut
3225,2793,Oven Mitts - 15 Inch,nibh ligula nec sem duis
3788,2309,Magnotta Bel Paese Red,curabitur gravida nisi at nibh
9085,3569,Beef Ground Medium,ac est lacinia nisi venenatis
12866,1582,Carbonated Water - Blackberry,consequat ut nulla sed accumsan
1635,2302,Scallops 60/80 Iqf,vel pede morbi porttitor lorem
5168,2150,Wine - Sauvignon Blanc,volutpat dui maecenas tristique est
14304,3939,Pepper - Jalapeno,sit amet erat nulla tempus
3590,3878,Juice - Prune,tincidunt nulla mollis molestie lorem
7006,3536,Truffle - Peelings,nullam orci pede venenatis non
7445,1426,Yoghurt Tubes,vel nulla eget eros elementum
5748,3062,Smoked Paprika,orci eget orci vehicula condimentum
18996,2290,"Tray - Foam, Square 4 - S",pede libero quis orci nullam
4719,4465,"Roe - Lump Fish, Red",in hac habitasse platea dictumst
9520,1327,"Cake Circle, Paprus",arcu adipiscing molestie hendrerit at
5375,3967,Wine - Puligny Montrachet A.,ipsum primis in faucibus orci
1885,3182,"Soup - Knorr, Ministrone",lectus vestibulum quam sapien varius
16819,1166,Wine - Soave Folonari,sit amet erat nulla tempus
16192,3241,Lettuce - Escarole,dis parturient montes nascetur ridiculus
18935,4174,"Syrup - Golden, Lyles",sed nisl nunc rhoncus dui
5178,2342,Egg Patty Fried,eu mi nulla ac enim
10496,3669,Tomatoes - Hot House,vivamus vel nulla eget eros
5833,4622,Soup - Campbells Chili,sagittis dui vel nisl duis
10862,1294,Wine - Wyndham Estate Bin 777,semper interdum mauris ullamcorper purus
14886,4716,"Mushroom - Shitake, Fresh",ac est lacinia nisi venenatis
2188,1242,Flour - Cake,cum sociis natoque penatibus et
15563,4650,"Nut - Almond, Blanched, Whole",gravida nisi at nibh in
1958,3124,Muffin Hinge 117n,leo pellentesque ultrices mattis odio
14355,3074,Cups 10oz Trans,enim leo rhoncus sed vestibulum
6104,4810,Sugar - Crumb,ultrices posuere cubilia curae duis
12473,4632,Ecolab - Lime - A - Way 4/4 L,mi nulla ac enim in
2200,4304,Lid - 0090 Clear,purus sit amet nulla quisque
5667,3252,"Vermouth - Sweet, Cinzano",leo pellentesque ultrices mattis odio
2983,3495,Mix - Cocktail Ice Cream,vestibulum sagittis sapien cum sociis
19556,2903,Food Colouring - Pink,pede venenatis non sodales sed
5502,2621,Table Cloth - 53x69 Colour,est risus auctor sed tristique
15851,2508,Pork - Sausage Casing,duis bibendum felis sed interdum
2131,2142,Plaintain,purus aliquet at feugiat non
17120,3653,"Red Snapper - Fresh, Whole",at turpis a pede posuere
3378,1359,"Crab - Blue, Frozen",vel lectus in quam fringilla
2450,4928,Lemon Balm - Fresh,libero rutrum ac lobortis vel
18696,1288,Pork - Bacon Cooked Slcd,congue eget semper rutrum nulla
11041,4367,Garlic - Peeled,amet diam in magna bibendum
13169,1913,Spice - Greek 1 Step,consectetuer adipiscing elit proin interdum
15168,4700,Towels - Paper / Kraft,curabitur convallis duis consequat dui
14855,4543,Corn Meal,magna bibendum imperdiet nullam orci
16120,3245,Cake Sheet Combo Party Pack,montes nascetur ridiculus mus vivamus
3670,3359,Eggplant Italian,eu orci mauris lacinia sapien
16550,2740,Vinegar - Sherry,cubilia curae mauris viverra diam
15093,2202,Chocolate Eclairs,platea dictumst morbi vestibulum velit
4576,4137,Mangoes,turpis sed ante vivamus tortor
17967,2848,Cheese - Shred Cheddar / Mozza,vel est donec odio justo
8194,3014,"Wine - Red, Wolf Blass, Yellow",et ultrices posuere cubilia curae
13619,1440,"Stock - Beef, Brown",nisl ut volutpat sapien arcu
16661,3361,Mousse - Banana Chocolate,enim leo rhoncus sed vestibulum
4388,3725,Catfish - Fillets,turpis donec posuere metus vitae
13148,3828,Steam Pan - Half Size Deep,libero nam dui proin leo
14852,2908,Bowl 12 Oz - Showcase 92012,pede ac diam cras pellentesque
3877,4812,Foam Cup 6 Oz,laoreet ut rhoncus aliquet pulvinar
15557,2676,Sprouts - China Rose,luctus nec molestie sed justo
12096,3452,Haggis,ligula in lacus curabitur at
5941,3218,Macaroons - Two Bite Choc,a nibh in quis justo
13750,4087,"Pasta - Fettuccine, Dry",nunc vestibulum ante ipsum primis
10990,1156,Carbonated Water - Blackberry,habitasse platea dictumst aliquam augue
1168,3883,Curry Powder Madras,et ultrices posuere cubilia curae
19145,4866,Chef Hat 25cm,justo in hac habitasse platea
17341,3031,"Napkin - Cocktail,beige 2 - Ply",convallis eget eleifend luctus ultricies
19103,4968,Muffin - Mix - Strawberry Rhubarb,nam tristique tortor eu pede
7875,1826,Dried Figs,turpis nec euismod scelerisque quam
1525,1919,Tea - Lemon Green Tea,ultrices posuere cubilia curae nulla
13953,4010,Wine - Shiraz Wolf Blass Premium,egestas metus aenean fermentum donec
12500,4201,Wild Boar - Tenderloin,diam id ornare imperdiet sapien
1670,1326,Cream Of Tartar,luctus ultricies eu nibh quisque
7378,4464,"Spoon - Soup, Plastic",non lectus aliquam sit amet
9711,1180,"Beef - Baby, Liver",bibendum felis sed interdum venenatis
10338,1009,Sprouts - Bean,rhoncus sed vestibulum sit amet
18647,1871,Sole - Iqf,adipiscing elit proin risus praesent
8487,4624,"Potatoes - Instant, Mashed",quis lectus suspendisse potenti in
19772,1105,Wine - Alicanca Vinho Verde,purus sit amet nulla quisque
12273,3198,"Juice - Pineapple, 48 Oz",sed interdum venenatis turpis enim
4755,4937,Syrup - Monin - Passion Fruit,nec molestie sed justo pellentesque
10621,3373,Pears - Anjou,in hac habitasse platea dictumst
15450,2566,Tomatoes - Orange,nulla facilisi cras non velit
10798,4480,Kumquat,dapibus nulla suscipit ligula in
6633,4064,Ecolab - Power Fusion,hac habitasse platea dictumst maecenas
15573,3048,Muffin Batt - Choc Chk,eget rutrum at lorem integer
6448,4141,"Veal - Round, Eye Of",montes nascetur ridiculus mus etiam
13087,2589,Tumeric,in felis eu sapien cursus
7855,3930,Cabbage - Red,sociis natoque penatibus et magnis
16875,2532,Bar Nature Valley,massa quis augue luctus tincidunt
4312,4813,"Pepper - Paprika, Hungarian",posuere metus vitae ipsum aliquam
13192,1830,Muffin Mix - Corn Harvest,nam tristique tortor eu pede
11245,3581,Quail Eggs - Canned,non velit donec diam neque
14189,4812,Eggplant - Baby,mauris lacinia sapien quis libero
10535,2064,"Lobster - Baby, Boiled",platea dictumst maecenas ut massa
6265,4859,Dc Hikiage Hira Huba,morbi odio odio elementum eu
16513,2813,Pork - Bones,dui proin leo odio porttitor
19279,2015,"Pasta - Penne, Rigate, Dry",maecenas ut massa quis augue
2110,2356,"Soup - Campbells, Chix Gumbo",congue vivamus metus arcu adipiscing
11362,2458,The Pop Shoppe - Cream Soda,vestibulum ante ipsum primis in
7343,1052,Piping - Bags Quizna,dictumst aliquam augue quam sollicitudin
10795,2620,Foie Gras,justo morbi ut odio cras
5006,1226,Avocado,sit amet cursus id turpis
11450,3480,Pur Source,volutpat quam pede lobortis ligula
8140,4782,"Crab - Back Fin Meat, Canned",vestibulum vestibulum ante ipsum primis
7184,1607,Wine - Casablanca Valley,vel enim sit amet nunc
8611,1145,Honey - Comb,sed ante vivamus tortor duis
18809,3242,Syrup - Kahlua Chocolate,aenean fermentum donec ut mauris
7594,2574,Pork - Bones,in quam fringilla rhoncus mauris
7630,1919,Plastic Arrow Stir Stick,neque sapien placerat ante nulla
16705,4453,Garbage Bag - Clear,nulla ut erat id mauris
8437,1896,Tobasco Sauce,in blandit ultrices enim lorem
17881,4889,Puree - Mango,nisi at nibh in hac
5852,3144,"Olives - Black, Pitted",ut nunc vestibulum ante ipsum
14074,2444,Appetizer - Mushroom Tart,ut rhoncus aliquet pulvinar sed
15700,2236,Beer - Molson Excel,vel lectus in quam fringilla
1340,3876,Lettuce - Red Leaf,justo etiam pretium iaculis justo
1465,2931,Shiratamako - Rice Flour,est risus auctor sed tristique
2016,3243,Gatorade - Lemon Lime,cras mi pede malesuada in
19255,3240,Lettuce - Lambs Mash,dictumst maecenas ut massa quis
8576,4184,Ham - Black Forest,eu felis fusce posuere felis
10054,3448,Mustard - Pommery,lacus at turpis donec posuere
1090,1758,Sauce - Oyster,congue elementum in hac habitasse
2590,1354,"Asparagus - Green, Fresh",blandit mi in porttitor pede
3528,1586,Venison - Denver Leg Boneless,tristique fusce congue diam id
9405,1368,"Napkin - Beverge, White 2 - Ply",leo rhoncus sed vestibulum sit
8540,3621,Containter - 3oz Microwave Rect.,vel dapibus at diam nam
6989,1937,Squid - U - 10 Thailand,sem praesent id massa id
15619,4694,Bread - French Stick,non mattis pulvinar nulla pede
12420,4572,The Pop Shoppe - Grape,nulla quisque arcu libero rutrum
19469,4767,Potatoes - Yukon Gold 5 Oz,ut tellus nulla ut erat
13759,3700,Sauce - Ranch Dressing,lacus curabitur at ipsum ac
14640,3704,"Lettuce - Mini Greens, Whole",hac habitasse platea dictumst aliquam
13089,2574,Island Oasis - Banana Daiquiri,nec condimentum neque sapien placerat
4077,2700,Beef - Top Butt Aaa,elementum in hac habitasse platea
7359,4739,Flower - Potmums,tempus vel pede morbi porttitor
19687,1698,Bar Special K,est congue elementum in hac
13472,4185,Glaze - Apricot,rhoncus dui vel sem sed
4755,1135,Cabbage Roll,curabitur gravida nisi at nibh
12983,1592,Glass Clear 7 Oz Xl,tincidunt ante vel ipsum praesent
12421,1607,Lettuce - Romaine,luctus et ultrices posuere cubilia
18735,4974,Hog / Sausage Casing - Pork,vel ipsum praesent blandit lacinia
11245,1031,Bouq All Italian - Primerba,montes nascetur ridiculus mus etiam
1004,2905,Beef - Inside Round,nascetur ridiculus mus vivamus vestibulum
5258,4807,Kolrabi,porttitor pede justo eu massa
10851,3888,"Soup - Knorr, Veg / Beef",iaculis congue vivamus metus arcu
3243,4136,Sauce - Plum,ut ultrices vel augue vestibulum
11158,1192,Chocolate Bar - Smarties,in leo maecenas pulvinar lobortis
5322,1491,Cheese - La Sauvagine,egestas metus aenean fermentum donec
8659,4744,"Mushroom - Porcini, Dry",quis tortor id nulla ultrices
8127,4649,Wine - Prosecco Valdobienne,consequat in consequat ut nulla
3180,3778,Cattail Hearts,rhoncus aliquam lacus morbi quis
9941,1215,Tandoori Curry Paste,eleifend donec ut dolor morbi
13751,3089,Foil - Round Foil,semper rutrum nulla nunc purus
11425,1468,Sausage - Chorizo,aliquam erat volutpat in congue
6352,4201,"Marsala - Sperone, Fine, D.o.c.",morbi vestibulum velit id pretium
9431,2223,Sauce - Demi Glace,tempor turpis nec euismod scelerisque
4255,4691,Veal - Liver,ac enim in tempor turpis
15442,4030,Straw - Regular,morbi vel lectus in quam
8037,1319,Apple - Granny Smith,duis bibendum morbi non quam
9034,2084,"Soup - Campbells, Spinach Crm",turpis integer aliquet massa id
1732,1706,Scallops - Live In Shell,in lacus curabitur at ipsum
6976,4094,Pork - Side Ribs,sapien varius ut blandit non
3036,1755,Curry Paste - Green Masala,magna at nunc commodo placerat
7478,2254,Gatorade - Cool Blue Raspberry,iaculis congue vivamus metus arcu
16219,3220,Pail With Metal Handle 16l White,volutpat eleifend donec ut dolor
16302,4503,Swiss Chard,ut dolor morbi vel lectus
16245,3839,Milk - Condensed,volutpat dui maecenas tristique est
4669,2215,Beer - Tetleys,elementum ligula vehicula consequat morbi
9282,4190,Ocean Spray - Ruby Red,nunc commodo placerat praesent blandit
9552,4486,Spaghetti Squash,in quam fringilla rhoncus mauris
3412,2342,Chocolate - Liqueur Cups With Foil,at turpis a pede posuere
10453,3171,Kale - Red,sapien cursus vestibulum proin eu
4185,3849,Wine - Pinot Noir Latour,interdum mauris non ligula pellentesque
16459,1743,Wine - Puligny Montrachet A.,leo maecenas pulvinar lobortis est
17952,3032,Coriander - Ground,felis fusce posuere felis sed
18547,2187,Pepper - Green,nunc viverra dapibus nulla suscipit
13839,3734,Garbage Bag - Clear,vivamus vel nulla eget eros
2350,3542,"Lamb - Loin, Trimmed, Boneless",lobortis convallis tortor risus dapibus
8554,1122,Foam Cup 6 Oz,aliquam sit amet diam in
4197,4268,Vacuum Bags 12x16,aliquet ultrices erat tortor sollicitudin
6389,1903,Cheese - Mozzarella,cras mi pede malesuada in
3329,3318,Muffin Carrot - Individual,consectetuer adipiscing elit proin interdum
11125,4753,Glass Clear 8 Oz,condimentum id luctus nec molestie
7698,1750,Baking Soda,ut at dolor quis odio
5496,3295,Sauce - Caesar Dressing,sapien arcu sed augue aliquam
8936,3826,Wine - Redchard Merritt,dapibus duis at velit eu
4491,1532,Lettuce - Escarole,platea dictumst maecenas ut massa
18301,2333,Kippers - Smoked,enim leo rhoncus sed vestibulum
6889,4437,Beets - Golden,nec condimentum neque sapien placerat
3322,1925,Bagel - Ched Chs Presliced,penatibus et magnis dis parturient
18320,1045,Glass Clear 7 Oz Xl,lobortis convallis tortor risus dapibus
2053,4580,Chips Potato Salt Vinegar 43g,posuere cubilia curae duis faucibus
15163,3065,Appetizer - Smoked Salmon / Dill,et ultrices posuere cubilia curae
16131,4429,Cheese Cloth No 100,massa donec dapibus duis at
3455,1620,"Tart Shells - Sweet, 3",leo rhoncus sed vestibulum sit
10157,1813,Lettuce - Baby Salad Greens,ipsum integer a nibh in
7789,4595,Tray - 12in Rnd Blk,sociis natoque penatibus et magnis
11260,3011,Sesame Seed Black,mattis egestas metus aenean fermentum
15065,3228,Lamb Tenderloin Nz Fr,mauris non ligula pellentesque ultrices
8230,1348,Cup - Paper 10oz 92959,parturient montes nascetur ridiculus mus
18506,3750,Wiberg Cure,eget eros elementum pellentesque quisque
15521,1474,"Veal - Brisket, Provimi,bnls",lorem vitae mattis nibh ligula
2114,1913,Crush - Cream Soda,libero nullam sit amet turpis
6891,4272,Cactus Pads,nibh in quis justo maecenas
11108,2074,Mustard Prepared,placerat praesent blandit nam nulla
1036,3932,Apple - Northern Spy,risus auctor sed tristique in
7481,4635,Sobe - Lizard Fuel,nec condimentum neque sapien placerat
1108,2219,Pail For Lid 1537,parturient montes nascetur ridiculus mus
13153,1689,Lettuce - Boston Bib - Organic,aenean sit amet justo morbi
19762,1627,Yukon Jack,eu tincidunt in leo maecenas
1129,1487,Carbonated Water - Lemon Lime,aenean fermentum donec ut mauris
5074,2523,Beef - Top Sirloin,quam a odio in hac
9664,3671,Wine - Red Oakridge Merlot,sed lacus morbi sem mauris
10302,2661,Cookies Oatmeal Raisin,cras pellentesque volutpat dui maecenas
18259,2916,Snapple Raspberry Tea,pede venenatis non sodales sed
5426,3111,Avocado,eget nunc donec quis orci
6559,3442,Mushroom - White Button,in felis eu sapien cursus
17771,1485,Wine - Chianti Classico Riserva,ligula in lacus curabitur at
15170,2041,Wine - Chianti Classica Docg,vitae mattis nibh ligula nec
16529,3491,Ice Cream - Super Sandwich,eget rutrum at lorem integer
5390,4407,Sping Loaded Cup Dispenser,lacus morbi quis tortor id
19251,4378,Gatorade - Lemon Lime,sociis natoque penatibus et magnis
8261,2061,"Wine - Magnotta - Red, Baco",sed tristique in tempus sit
12148,4581,Lettuce - California Mix,congue elementum in hac habitasse
14331,1674,Soup - Campbells - Chicken Noodle,eget elit sodales scelerisque mauris
14725,4669,Red Currant Jelly,nulla tellus in sagittis dui
14316,1952,Spice - Onion Powder Granulated,eget semper rutrum nulla nunc
9817,4105,Sesame Seed Black,magna vulputate luctus cum sociis
13521,3914,Hold Up Tool Storage Rack,sapien non mi integer ac
3854,2571,Monkfish Fresh - Skin Off,pede ac diam cras pellentesque
14738,4947,"Lettuce - Mini Greens, Whole",lorem ipsum dolor sit amet
5449,3589,Squash - Pepper,platea dictumst morbi vestibulum velit
1089,3279,"Bread - Roll, Canadian Dinner",auctor gravida sem praesent id
8665,2744,Veal Inside - Provimi,odio in hac habitasse platea
10610,1506,Filling - Mince Meat,amet diam in magna bibendum
1000,1051,"Soup - Canadian Pea, Dry Mix",ridiculus mus vivamus vestibulum sagittis
10472,3335,"Cheese - Woolwich Goat, Log",convallis nulla neque libero convallis
4680,2438,"Veal - Shank, Pieces",cursus id turpis integer aliquet
4012,3587,Soup - Tomato Mush. Florentine,in magna bibendum imperdiet nullam
6772,4336,"Oregano - Dry, Rubbed",a odio in hac habitasse
2710,1148,"Gingerale - Schweppes, 355 Ml",cubilia curae nulla dapibus dolor
13103,3551,Flour - Cake,etiam vel augue vestibulum rutrum
12194,2783,Lemon Tarts,velit id pretium iaculis diam
6420,2755,"Tea - Darjeeling, Azzura",tempor convallis nulla neque libero
15578,3042,Pepper - Red Thai,ipsum primis in faucibus orci
1414,3424,Campari,nulla nisl nunc nisl duis
14350,3700,Bay Leaf Ground,turpis elementum ligula vehicula consequat
10735,2649,Tarragon - Fresh,rutrum nulla nunc purus phasellus
5452,2036,Galliano,duis aliquam convallis nunc proin
1432,2482,Wine - Coteaux Du Tricastin Ac,vel enim sit amet nunc
11071,4304,Cookie - Dough Variety,enim in tempor turpis nec
16099,2022,Sugar - Individual Portions,eget orci vehicula condimentum curabitur
8412,3497,Sausage - Andouille,in lacus curabitur at ipsum
7610,1509,Basil - Fresh,id ligula suspendisse ornare consequat
2118,1005,Whmis Spray Bottle Graduated,id mauris vulputate elementum nullam
12604,2420,Chevril,nonummy maecenas tincidunt lacus at
12288,2697,Squid U5 - Thailand,blandit non interdum in ante
18690,1454,Salt And Pepper Mix - Black,integer pede justo lacinia eget
17052,1195,Cookie - Oatmeal,ultrices aliquet maecenas leo odio
9787,4820,Steam Pan - Half Size Deep,ac tellus semper interdum mauris
11836,4851,"Jam - Blackberry, 20 Ml Jar",at diam nam tristique tortor
6992,1650,Potatoes - Parissienne,vivamus in felis eu sapien
14623,1738,Carbonated Water - Blackberry,odio in hac habitasse platea
14392,3699,Cheese - Blue,integer tincidunt ante vel ipsum
12160,4111,Napkin - Beverage 1 Ply,fermentum justo nec condimentum neque
13287,4905,Rabbit - Legs,neque sapien placerat ante nulla
18820,2656,Beef Tenderloin Aaa,in eleifend quam a odio
1248,3872,Pork - Backfat,lectus aliquam sit amet diam
9445,2525,Mcguinness - Blue Curacao,accumsan odio curabitur convallis duis
13117,3921,Tea - Herbal Sweet Dreams,vel accumsan tellus nisi eu
12017,2047,Veal - Eye Of Round,et ultrices posuere cubilia curae
10761,1046,"Vodka - Hot, Lnferno",orci luctus et ultrices posuere
13616,1151,Lamb - Loin Chops,metus arcu adipiscing molestie hendrerit
7663,1766,Bread Base - Goodhearth,vestibulum quam sapien varius ut
1428,2182,Lamb - Ground,volutpat erat quisque erat eros
14503,4437,Onion Powder,ut suscipit a feugiat et
13601,2186,"Pasta - Penne, Lisce, Dry",id consequat in consequat ut
12738,4646,Banana - Leaves,elit proin interdum mauris non
19687,1385,Cinnamon Buns Sticky,sapien urna pretium nisl ut
7855,4142,Mace Ground,et magnis dis parturient montes
14392,4405,"Wine - Red, Mouton Cadet",nec nisi vulputate nonummy maecenas
2641,2213,Veal - Liver,in lacus curabitur at ipsum
8876,4808,Jameson Irish Whiskey,turpis eget elit sodales scelerisque
8959,4472,Veal - Eye Of Round,interdum mauris ullamcorper purus sit
8164,2609,Baking Soda,at feugiat non pretium quis
7197,1026,Tequila Rose Cream Liquor,interdum in ante vestibulum ante
5542,3330,Onions - Spanish,ut erat curabitur gravida nisi
5111,2659,Curry Powder Madras,est risus auctor sed tristique
1267,2271,Cranberries - Frozen,vestibulum quam sapien varius ut
16595,1337,"Mustard - Dry, Powder",odio cras mi pede malesuada
4389,4027,"Tortillas - Flour, 12",quis orci nullam molestie nibh
4155,1062,Cheese - Feta,condimentum id luctus nec molestie
6814,1306,Limes,aliquam convallis nunc proin at
10733,4599,Cookie Dough - Chocolate Chip,duis at velit eu est
3392,3678,Turnip - White,sed accumsan felis ut at
10088,4712,"Nut - Walnut, Pieces",ac nibh fusce lacus purus
18180,3488,Wine - Shiraz Wolf Blass Premium,ligula in lacus curabitur at
16043,3825,Bread - Italian Corn Meal Poly,sollicitudin ut suscipit a feugiat
10705,4214,Carrots - Jumbo,sapien sapien non mi integer
12976,3752,Garam Marsala,cubilia curae duis faucibus accumsan
1744,3540,Chocolate - Chips Compound,eu tincidunt in leo maecenas
16422,2272,Salt - Celery,et ultrices posuere cubilia curae
16520,2447,Lamb - Ground,placerat praesent blandit nam nulla
16150,1269,Wood Chips - Regular,volutpat quam pede lobortis ligula
4125,2070,Cheese - Sheep Milk,nulla nunc purus phasellus in
15501,1191,"Jam - Marmalade, Orange",eget eleifend luctus ultricies eu
10508,4983,Coffee - Decaffeinato Coffee,faucibus orci luctus et ultrices
2742,3618,Parsley - Dried,nulla quisque arcu libero rutrum
12359,3868,Mints - Striped Red,nisl nunc rhoncus dui vel
12762,1213,Galliano,bibendum imperdiet nullam orci pede
13764,4000,Gatorade - Cool Blue Raspberry,pellentesque ultrices mattis odio donec
16148,1964,Muffin Batt - Choc Chk,ut at dolor quis odio
2326,3003,Grapes - Green,eleifend pede libero quis orci
19592,2255,Strawberries,integer non velit donec diam
15242,3988,Cheese - Swiss,ut suscipit a feugiat et
8305,3123,Goldschalger,curae donec pharetra magna vestibulum
9972,4840,Carbonated Water - Peach,ac lobortis vel dapibus at
5297,2866,Barramundi,diam id ornare imperdiet sapien
5194,4053,Squid - Tubes / Tenticles 10/20,sapien ut nunc vestibulum ante
8414,3857,Mushroom - White Button,rhoncus aliquet pulvinar sed nisl
1951,3410,"Juice - Pineapple, 48 Oz",nulla ultrices aliquet maecenas leo
8537,2632,Syrup - Kahlua Chocolate,est congue elementum in hac
12549,1892,Flour - So Mix Cake White,nonummy maecenas tincidunt lacus at
10101,4986,Ecolab - Solid Fusion,aliquet pulvinar sed nisl nunc
19286,3795,Mini - Vol Au Vents,sem praesent id massa id
11848,2780,Bagel - Plain,arcu libero rutrum ac lobortis
1976,2760,Peppercorns - Green,etiam faucibus cursus urna ut
1305,1744,Pepper - Green,dui nec nisi volutpat eleifend
13482,3264,Lid Coffeecup 12oz D9542b,ridiculus mus etiam vel augue
19949,1871,Bagels Poppyseed,lacus morbi quis tortor id
15501,1515,Cookie - Oreo 100x2,in hac habitasse platea dictumst
17853,4067,Pasta - Fusili Tri - Coloured,sed nisl nunc rhoncus dui
13625,1487,Paper - Brown Paper Mini Cups,ullamcorper augue a suscipit nulla
10226,3880,Yoplait - Strawbrasp Peac,purus sit amet nulla quisque
7063,4629,Ice Cream - Vanilla,morbi a ipsum integer a
15769,2298,"Wine - Red, Harrow Estates, Cab",urna pretium nisl ut volutpat
3059,2954,Cinnamon Rolls,vestibulum sit amet cursus id
2550,2276,Wine - Domaine Boyar Royal,placerat praesent blandit nam nulla
2221,1036,Muffin Mix - Blueberry,venenatis lacinia aenean sit amet
8665,3955,"Roe - Lump Fish, Red",eget eros elementum pellentesque quisque
16287,2789,"Extract - Vanilla,artificial",ipsum primis in faucibus orci
11033,3505,Crab Brie In Phyllo,platea dictumst morbi vestibulum velit
4344,4091,Ham - Cooked,nascetur ridiculus mus vivamus vestibulum
11593,4245,Monkfish - Fresh,ultricies eu nibh quisque id
13470,3160,Wine - Marlbourough Sauv Blanc,aliquet massa id lobortis convallis
7139,4550,Compound - Orange,primis in faucibus orci luctus
17559,1515,Pastry - Raisin Muffin - Mini,hac habitasse platea dictumst maecenas
18190,3912,Isomalt,consequat dui nec nisi volutpat
4221,4279,Cake - Miini Cheesecake Cherry,duis bibendum felis sed interdum
7978,3411,Initation Crab Meat,interdum mauris non ligula pellentesque
7570,3959,"Placemat - Scallop, White",curabitur convallis duis consequat dui
18069,3343,"Veal - Inside Round / Top, Lean",ante ipsum primis in faucibus
14178,4655,Potato - Sweet,faucibus accumsan odio curabitur convallis
10803,1087,"Jam - Marmalade, Orange",lectus in quam fringilla rhoncus
12408,1449,"Lamb - Pieces, Diced",imperdiet nullam orci pede venenatis
14446,4170,Beef - Tenderloin,suscipit nulla elit ac nulla
1410,4147,"Wine - Red, Antinori Santa",dictumst maecenas ut massa quis
12472,1516,Kale - Red,amet justo morbi ut odio
4783,3949,Tilapia - Fillets,ante ipsum primis in faucibus
16262,3466,Baking Powder,posuere cubilia curae donec pharetra
5732,1540,"Juice - Tomato, 48 Oz",amet eros suspendisse accumsan tortor
4141,1233,Celery Root,a nibh in quis justo
7874,4835,Mangostein,arcu adipiscing molestie hendrerit at
11317,4278,"Beef - Roasted, Cooked",quam fringilla rhoncus mauris enim
15383,2509,Gherkin,tincidunt in leo maecenas pulvinar
2783,4147,Wine - Rosso Del Veronese Igt,in sapien iaculis congue vivamus
7421,4004,Foil Wrap,lobortis sapien sapien non mi
18992,4557,Petite Baguette,amet sem fusce consequat nulla
15358,2532,"Cup - 3.5oz, Foam",erat curabitur gravida nisi at
16076,4896,Squid - Tubes / Tenticles 10/20,ut volutpat sapien arcu sed
9212,3511,Worcestershire Sauce,porttitor lacus at turpis donec
12167,1066,Flour - Bread,sem fusce consequat nulla nisl
17879,3046,Ecolab - Hobart Upr Prewash Arm,porta volutpat quam pede lobortis
12747,4536,Sea Bass - Fillets,a pede posuere nonummy integer
12702,4279,"Veal - Inside Round / Top, Lean",in est risus auctor sed
11477,3252,Wiberg Super Cure,ut at dolor quis odio
7884,1855,Food Colouring - Blue,suspendisse accumsan tortor quis turpis
19792,3125,Wine - Hardys Bankside Shiraz,nulla quisque arcu libero rutrum
9128,4963,Ice Cream Bar - Oreo Cone,sed accumsan felis ut at
17661,1249,Apple - Granny Smith,nulla pede ullamcorper augue a
19148,3257,Chocolate - Unsweetened,ipsum dolor sit amet consectetuer
12448,1690,Wine - Taylors Reserve,morbi ut odio cras mi
2016,1605,"Nut - Walnut, Pieces",imperdiet et commodo vulputate justo
16616,2624,Phyllo Dough,convallis duis consequat dui nec
16699,4207,Syrup - Chocolate,nunc donec quis orci eget
16680,2146,Spice - Montreal Steak Spice,nullam sit amet turpis elementum
5169,1290,Lamb - Whole Head Off,purus aliquet at feugiat non
16581,4230,Wiberg Super Cure,cras in purus eu magna
15082,3648,"Iced Tea - Lemon, 460 Ml",porttitor id consequat in consequat
16549,3597,Scampi Tail,ut dolor morbi vel lectus
15580,1915,Tuna - Sushi Grade,morbi non lectus aliquam sit
19591,1432,Cream - 18%,orci luctus et ultrices posuere
14583,1347,Nantucket - Kiwi Berry Cktl.,aliquam lacus morbi quis tortor
15613,4230,"Soup - Canadian Pea, Dry Mix",mauris lacinia sapien quis libero
10944,4026,Bread - Mini Hamburger Bun,quam fringilla rhoncus mauris enim
19315,3511,Cup - 4oz Translucent,lorem quisque ut erat curabitur
16501,2210,Oil - Sunflower,ipsum dolor sit amet consectetuer
11369,4287,Pineapple - Golden,ac tellus semper interdum mauris
7808,4859,Onions - Red Pearl,in quam fringilla rhoncus mauris
9357,2309,Rice Paper,tincidunt ante vel ipsum praesent
5847,3111,Energy Drink Red Bull,elementum ligula vehicula consequat morbi
10606,2085,Lettuce Romaine Chopped,nulla integer pede justo lacinia
2117,4714,Maintenance Removal Charge,dolor sit amet consectetuer adipiscing
15101,4760,"Tomatoes - Plum, Canned",sit amet sapien dignissim vestibulum
3523,2280,"Beans - Turtle, Black, Dry",orci eget orci vehicula condimentum
4770,2618,"Beer - Alexander Kieths, Pale Ale",libero non mattis pulvinar nulla
1925,1316,Pumpkin,erat volutpat in congue etiam
7712,4477,Miso Paste White,condimentum neque sapien placerat ante
15898,1961,"Stock - Beef, Brown",etiam vel augue vestibulum rutrum
9597,4455,Goat - Whole Cut,maecenas ut massa quis augue
18173,1141,Wine - Malbec Trapiche Reserve,sit amet eleifend pede libero
14491,4114,Long Island Ice Tea,ante ipsum primis in faucibus
10069,1581,"Wine - Red, Cooking",maecenas rhoncus aliquam lacus morbi
16262,2174,Wine - Cotes Du Rhone Parallele,cras non velit nec nisi
19138,3452,Island Oasis - Strawberry,eleifend quam a odio in
10780,2407,"Chicken - Thigh, Bone In",scelerisque mauris sit amet eros
11694,3708,Wine - Champagne Brut Veuve,amet diam in magna bibendum
18299,4490,Onions - Red Pearl,pede venenatis non sodales sed
3043,4203,Gatorade - Cool Blue Raspberry,magna ac consequat metus sapien
15154,3859,Pepper - Yellow Bell,tincidunt eget tempus vel pede
4436,1731,"Cheese - Mozzarella, Shredded",cras in purus eu magna
6324,2700,"Crush - Grape, 355 Ml",ultrices libero non mattis pulvinar
5149,1646,Towels - Paper / Kraft,eu tincidunt in leo maecenas
15622,1852,Towel Multifold,ipsum dolor sit amet consectetuer
6519,1342,Ocean Spray - Kiwi Strawberry,lacinia sapien quis libero nullam
16370,3923,Baking Powder,vestibulum vestibulum ante ipsum primis
3921,4675,Irish Cream - Butterscotch,aenean auctor gravida sem praesent
7292,2857,Island Oasis - Magarita Mix,malesuada in imperdiet et commodo
10866,2669,Orange - Tangerine,donec vitae nisi nam ultrices
9284,3877,Bar Bran Honey Nut,donec semper sapien a libero
18398,3331,"Beef - Tenderlion, Center Cut",magna vestibulum aliquet ultrices erat
13375,4449,Ginger - Fresh,proin leo odio porttitor id
7160,1322,Appetizer - Southwestern,faucibus orci luctus et ultrices
10392,4260,"Pasta - Gnocchi, Potato",orci luctus et ultrices posuere
9131,2113,"Shrimp - 21/25, Peel And Deviened",adipiscing molestie hendrerit at vulputate
4784,3282,Cloves - Whole,molestie lorem quisque ut erat
7688,2806,Wine - Blue Nun Qualitatswein,sed vestibulum sit amet cursus
14021,2124,Veal - Inside,luctus et ultrices posuere cubilia
16584,3001,Pear - Asian,ante ipsum primis in faucibus
16948,1710,Apple - Northern Spy,dignissim vestibulum vestibulum ante ipsum
5649,2422,Beer - Rickards Red,porttitor pede justo eu massa
1282,4531,Flour - Whole Wheat,consectetuer adipiscing elit proin risus
5496,3630,Apricots - Dried,tortor id nulla ultrices aliquet
2997,4502,Wine - Chateauneuf Du Pape,vestibulum ante ipsum primis in
6822,2780,Goldschalger,orci pede venenatis non sodales
13389,2352,"Cheese - Mozzarella, Buffalo",lorem id ligula suspendisse ornare
10812,4509,Pepper - Cubanelle,dui vel sem sed sagittis
15978,1668,Rice - Brown,eget rutrum at lorem integer
14672,4876,Bagel - Ched Chs Presliced,integer a nibh in quis
18488,2382,Fennel - Seeds,enim blandit mi in porttitor
1971,1783,Sage - Fresh,odio odio elementum eu interdum
5435,2508,Paper Towel Touchless,lobortis vel dapibus at diam
18345,2806,Green Tea Refresher,turpis eget elit sodales scelerisque
3928,4025,Chip - Potato Dill Pickle,sociis natoque penatibus et magnis
17503,3961,Energy Drink - Franks Original,parturient montes nascetur ridiculus mus
2253,1996,Soup - Campbells - Chicken Noodle,cursus id turpis integer aliquet
6538,1740,Wine - Jafflin Bourgongone,vel dapibus at diam nam
4349,3067,Tea - Herbal I Love Lemon,proin interdum mauris non ligula
1984,4060,"Wine - White, Concha Y Toro",ipsum praesent blandit lacinia erat
18337,1723,Beer - Blue Light,rutrum neque aenean auctor gravida
6644,3457,Squid - Tubes / Tenticles 10/20,ante vivamus tortor duis mattis
15909,1873,"Wine - White, Pinot Grigio",luctus nec molestie sed justo
11472,2549,English Muffin,adipiscing elit proin interdum mauris
16092,2340,Extract - Raspberry,imperdiet et commodo vulputate justo
12612,1832,Flour - Fast / Rapid,rhoncus dui vel sem sed
11758,1435,Puree - Passion Fruit,eu massa donec dapibus duis
15859,1200,Soup - Verve - Chipotle Chicken,in porttitor pede justo eu
19501,4106,"Water - Mineral, Natural",ut erat id mauris vulputate
18492,2896,Creme De Cacao White,ut tellus nulla ut erat
13097,3819,Chocolate - Compound Coating,proin at turpis a pede
10153,4107,Orange Roughy 6/8 Oz,eget vulputate ut ultrices vel
17299,2954,Longos - Assorted Sandwich,orci vehicula condimentum curabitur in
10200,2441,"Tart Shells - Barquettes, Savory",in porttitor pede justo eu
13525,3702,Beef - Diced,nibh quisque id justo sit
10796,3320,Wine - Tio Pepe Sherry Fino,urna ut tellus nulla ut
15948,3193,Beans - Fava Fresh,in faucibus orci luctus et
11932,3348,Oil - Sunflower,et magnis dis parturient montes
5099,3755,"Yogurt - Cherry, 175 Gr",vel pede morbi porttitor lorem
6489,3302,Soup - Campbells Mac N Cheese,cubilia curae donec pharetra magna
17590,2077,"Artichoke - Bottom, Canned",pede justo lacinia eget tincidunt
13158,2033,"Bread - Pita, Mini",dui proin leo odio porttitor
1236,2672,Tequila - Sauza Silver,ante ipsum primis in faucibus
17641,3264,Chervil - Fresh,ut blandit non interdum in
1533,3222,Bread - Multigrain,aliquet maecenas leo odio condimentum
4302,2833,"Salmon - Smoked, Sliced",justo sollicitudin ut suscipit a
9691,4274,Muffin Mix - Chocolate Chip,ipsum integer a nibh in
2587,3076,Pie Shell - 5,sem duis aliquam convallis nunc
4133,4076,Beer - True North Strong Ale,habitasse platea dictumst morbi vestibulum
10773,4531,"Mustard - Dry, Powder",hendrerit at vulputate vitae nisl
15194,2109,Contreau,massa tempor convallis nulla neque
6883,3726,"Lemonade - Black Cherry, 591 Ml",quisque porta volutpat erat quisque
3479,4055,Pectin,lobortis convallis tortor risus dapibus
9324,2396,Bay Leaf Ground,ipsum integer a nibh in
3712,3747,Garbag Bags - Black,platea dictumst aliquam augue quam
7996,3099,Chutney Sauce - Mango,erat quisque erat eros viverra
14934,3682,Venison - Racks Frenched,lectus aliquam sit amet diam
6790,2344,Coffee Swiss Choc Almond,integer pede justo lacinia eget
18507,4868,"Oregano - Dry, Rubbed",adipiscing elit proin interdum mauris
17928,2765,Parasol Pick Stir Stick,ac lobortis vel dapibus at
18811,2542,Oil - Olive,etiam pretium iaculis justo in
11929,1886,Cheese - Parmesan Cubes,molestie lorem quisque ut erat
1295,1138,Bag Stand,platea dictumst aliquam augue quam
12959,4264,Tea - Grapefruit Green Tea,tristique fusce congue diam id
19377,1048,Jerusalem Artichoke,orci mauris lacinia sapien quis
2553,2939,Vanilla Beans,est risus auctor sed tristique
8412,2070,Bread - Crusty Italian Poly,orci nullam molestie nibh in
8192,2925,Sponge Cake Mix - Chocolate,diam vitae quam suspendisse potenti
15896,4353,Yogurt - Assorted Pack,nisl ut volutpat sapien arcu
18188,1475,"Doilies - 5, Paper",habitasse platea dictumst etiam faucibus
6062,1881,"Wine - Magnotta - Red, Baco",mauris sit amet eros suspendisse
4284,4905,Bag Clear 10 Lb,tellus nisi eu orci mauris
7955,3232,"Wine - Saint - Bris 2002, Sauv",consectetuer adipiscing elit proin interdum
1026,4575,"Pepsi - Diet, 355 Ml",justo maecenas rhoncus aliquam lacus
14830,2522,"Cherries - Maraschino,jar",magna vestibulum aliquet ultrices erat
6808,3322,"Pasta - Rotini, Dry",facilisi cras non velit nec
15228,3232,"Shrimp - 16/20, Peeled Deviened",mauris lacinia sapien quis libero
7897,2398,Buffalo - Short Rib Fresh,tortor id nulla ultrices aliquet
12327,3052,Salt - Table,etiam faucibus cursus urna ut
12397,3221,Appetizer - Tarragon Chicken,at nunc commodo placerat praesent
5992,3119,Lighter - Bbq,eget massa tempor convallis nulla
10186,2946,Flower - Carnations,erat curabitur gravida nisi at
7516,1121,Pail With Metal Handle 16l White,tortor risus dapibus augue vel
16090,2376,Beer - Camerons Cream Ale,justo morbi ut odio cras
17340,1668,Bananas,quis turpis sed ante vivamus
8900,2425,Nescafe - Frothy French Vanilla,orci luctus et ultrices posuere
12942,4971,Beans - Butter Lrg Lima,nulla integer pede justo lacinia
1263,4506,Turnip - Mini,mauris non ligula pellentesque ultrices
10360,2146,Wine - Zinfandel Rosenblum,adipiscing lorem vitae mattis nibh
10651,2302,Beans - Fine,ridiculus mus etiam vel augue
11991,4964,Scallop - St. Jaques,enim sit amet nunc viverra
11285,3953,Bagelers,maecenas tristique est et tempus
7381,1481,Chocolate - Dark Callets,leo odio condimentum id luctus
17839,1947,Wine - German Riesling,sit amet eleifend pede libero
2143,4983,Wine - Cabernet Sauvignon,id sapien in sapien iaculis
13975,2468,Swordfish Loin Portions,mauris enim leo rhoncus sed
1665,2255,"Lamb - Leg, Boneless",diam cras pellentesque volutpat dui
9855,2703,"Pork - Loin, Bone - In",id sapien in sapien iaculis
6079,2506,"Pork - Ham, Virginia",quam pede lobortis ligula sit
11501,3792,Gingerale - Diet - Schweppes,blandit nam nulla integer pede
11396,3262,Wine - Magnotta - Bel Paese White,cubilia curae duis faucibus accumsan
5647,4752,Kippers - Smoked,elit proin interdum mauris non
2813,3080,Zucchini - Yellow,convallis nulla neque libero convallis
18270,3279,Beef - Top Butt,ultrices posuere cubilia curae duis
4602,2121,"Turkey - Breast, Bone - In",ut at dolor quis odio
7362,1862,Potatoes - Peeled,accumsan tellus nisi eu orci
18023,2808,Sprouts - Baby Pea Tendrils,ac nibh fusce lacus purus
15801,1714,Wine - Domaine Boyar Royal,mi pede malesuada in imperdiet
11340,3529,Onions - Red,tincidunt eget tempus vel pede
10551,2730,Muffin Mix - Raisin Bran,amet justo morbi ut odio
3185,1228,Chip - Potato Dill Pickle,ac neque duis bibendum morbi
3813,2870,"Stock - Beef, White",est risus auctor sed tristique
7346,3418,Cream - 18%,luctus et ultrices posuere cubilia
3357,3342,Pork - European Side Bacon,nisl nunc nisl duis bibendum
7645,1868,Cheese - Blue,eros viverra eget congue eget
10949,4141,"Bread - Pita, Mini",nunc proin at turpis a
18035,4269,Cheese - Comte,amet erat nulla tempus vivamus
14888,4819,Coffee Decaf Colombian,sed ante vivamus tortor duis
10541,4780,Capers - Ox Eye Daisy,id consequat in consequat ut
3848,1634,English Muffin,pretium iaculis justo in hac
1833,3142,Pears - Bosc,sit amet sem fusce consequat
15993,1008,Pasta - Fusili Tri - Coloured,id justo sit amet sapien
7881,2398,"Crab - Claws, Snow 16 - 24",aliquam erat volutpat in congue
9601,1220,Cornstarch,nisi nam ultrices libero non
3640,1787,Wine - Shiraz Wolf Blass Premium,iaculis congue vivamus metus arcu
15629,4631,"Thyme - Lemon, Fresh",adipiscing lorem vitae mattis nibh
14475,2420,Cheese - Provolone,in hac habitasse platea dictumst
13624,2154,Hold Up Tool Storage Rack,nulla nunc purus phasellus in
3580,3717,Coffee - Decaffeinato Coffee,sapien dignissim vestibulum vestibulum ante
2233,2346,Bread - 10 Grain Parisian,vitae consectetuer eget rutrum at
13940,3172,Wine - Rosso Del Veronese Igt,sapien in sapien iaculis congue
7394,3187,"Oil - Food, Lacquer Spray",erat eros viverra eget congue
4154,1493,Sausage - Blood Pudding,lectus pellentesque eget nunc donec
19450,1206,Scallops - 10/20,fringilla rhoncus mauris enim leo
18858,4887,Vegetable - Base,lorem integer tincidunt ante vel
17081,4471,"Veal - Brisket, Provimi,bnls",tempus vel pede morbi porttitor
10544,3535,Energy Drink - Redbull 355ml,justo nec condimentum neque sapien
15244,3367,Tuna - Salad Premix,vestibulum ac est lacinia nisi
9901,2178,Oil - Safflower,placerat ante nulla justo aliquam
9291,2242,Taro Root,posuere cubilia curae duis faucibus
6122,3551,Corn Kernels - Frozen,ultrices vel augue vestibulum ante
13710,1874,Cheese - Stilton,nulla integer pede justo lacinia
2522,2354,Lime Cordial - Roses,lacinia nisi venenatis tristique fusce
1971,1053,"Liners - Banana, Paper",dolor sit amet consectetuer adipiscing
16802,4404,Milk - 2%,nonummy maecenas tincidunt lacus at
10668,4254,Beef - Short Loin,aliquet at feugiat non pretium
8829,1834,Wine - George Duboeuf Rose,fringilla rhoncus mauris enim leo
14217,3067,Flour - Rye,tincidunt in leo maecenas pulvinar
5639,2058,"Flour - Corn, Fine",montes nascetur ridiculus mus etiam
17096,3763,Graham Cracker Mix,convallis morbi odio odio elementum
2298,2189,Ice Cream Bar - Rolo Cone,volutpat in congue etiam justo
12779,2448,Wine - Vovray Sec Domaine Huet,consequat morbi a ipsum integer
18278,2291,Onion - Dried,mauris eget massa tempor convallis
2144,4454,Wine - Zonnebloem Pinotage,justo aliquam quis turpis eget
13994,1868,Pepper - Sorrano,ligula nec sem duis aliquam
13025,4059,Chicken Giblets,eros viverra eget congue eget
13602,3756,"Wine - White, Ej Gallo",faucibus orci luctus et ultrices
12611,4157,Shrimp - Black Tiger 6 - 8,dapibus nulla suscipit ligula in
19117,3553,Tomato Paste,auctor gravida sem praesent id
17068,2225,Bread Fig And Almond,ultrices vel augue vestibulum ante
16616,1783,Lentils - Green Le Puy,non mauris morbi non lectus
6300,4335,Beef - Tenderloin,vel ipsum praesent blandit lacinia
6440,4555,Soup - Campbells Beef Strogonoff,nisi volutpat eleifend donec ut
19632,3058,Cheese - Bocconcini,nulla nunc purus phasellus in
13471,3834,Wine - Savigny - Les - Beaune,pharetra magna vestibulum aliquet ultrices
2388,4800,Water - Perrier,morbi ut odio cras mi
3085,1549,Crawfish,at nulla suspendisse potenti cras
14323,3363,Lettuce Romaine Chopped,sagittis sapien cum sociis natoque
16463,2943,Coffee - Ristretto Coffee Capsule,curabitur gravida nisi at nibh
1420,2698,Soup - Campbellschix Stew,ut blandit non interdum in
17606,2314,Flower - Leather Leaf Fern,pede malesuada in imperdiet et
8874,1800,"Beans - Fava, Canned",laoreet ut rhoncus aliquet pulvinar
11785,1663,Wine - Vovray Sec Domaine Huet,et ultrices posuere cubilia curae
2764,3145,Lumpfish Black,lacinia aenean sit amet justo
14526,2322,Bread - Rosemary Focaccia,sed nisl nunc rhoncus dui
10602,1328,Anisette - Mcguiness,faucibus orci luctus et ultrices
12153,3509,Tea - Honey Green Tea,morbi a ipsum integer a
14871,2029,Tea - Decaf Lipton,viverra eget congue eget semper
1226,2026,"Sparkling Wine - Rose, Freixenet",consectetuer eget rutrum at lorem
13012,3556,"Salmon - Smoked, Sliced",suscipit ligula in lacus curabitur
9948,4322,Chervil - Fresh,praesent blandit lacinia erat vestibulum
9722,1011,Tea - Decaf 1 Cup,molestie sed justo pellentesque viverra
18202,3942,"Lettuce - Romaine, Heart",mauris eget massa tempor convallis
15751,2903,Magnotta - Bel Paese White,vestibulum sagittis sapien cum sociis
3182,2618,Cheese - Grana Padano,justo morbi ut odio cras
2110,1173,Wine - Red Oakridge Merlot,auctor sed tristique in tempus
2273,1416,Milk - 2% 250 Ml,aliquet pulvinar sed nisl nunc
11397,2669,Wine - Zinfandel Rosenblum,urna ut tellus nulla ut
15173,3382,Island Oasis - Magarita Mix,congue risus semper porta volutpat
6677,3799,Wine - Jafflin Bourgongone,sapien arcu sed augue aliquam
14805,2587,Soho Lychee Liqueur,mauris morbi non lectus aliquam
7120,1900,Squid - U 5,interdum venenatis turpis enim blandit
6183,3197,Muffin Mix - Morning Glory,sed interdum venenatis turpis enim
17826,1608,Cookies - Amaretto,orci luctus et ultrices posuere
19117,4847,Cream - 35%,eleifend pede libero quis orci
1393,1713,Water - Evian 355 Ml,vestibulum ante ipsum primis in
2217,4368,"Yogurt - Banana, 175 Gr",vel sem sed sagittis nam
5264,3744,Cattail Hearts,lobortis convallis tortor risus dapibus
1974,4743,Rice Wine - Aji Mirin,lectus pellentesque eget nunc donec
18132,4827,Wasabi Paste,at turpis donec posuere metus
10950,3663,Duck - Legs,nulla eget eros elementum pellentesque
10816,4592,"Napkin - Cocktail,beige 2 - Ply",lobortis convallis tortor risus dapibus
2340,4852,"Turkey - Breast, Boneless Sk On",blandit nam nulla integer pede
7342,2778,"Turkey - Breast, Double",risus auctor sed tristique in
16679,3756,Sauce - Hp,sagittis nam congue risus semper
18786,3406,Vinegar - Champagne,in felis eu sapien cursus
10709,1764,Table Cloth 91x91 Colour,ac diam cras pellentesque volutpat
6575,4484,Dried Apple,luctus cum sociis natoque penatibus
19845,3633,Milk - 1%,faucibus orci luctus et ultrices
6327,2263,Towels - Paper / Kraft,praesent id massa id nisl
8541,4170,Red Cod Fillets - 225g,dictumst etiam faucibus cursus urna
7505,3481,Chocolate Liqueur - Godet White,non mi integer ac neque
8688,3952,Wine - Fontanafredda Barolo,nec condimentum neque sapien placerat
19609,3505,"Tomatoes - Vine Ripe, Red",elit proin interdum mauris non
12437,2948,"Lamb - Shoulder, Boneless",cras pellentesque volutpat dui maecenas
5142,4065,Onions - Cippolini,et ultrices posuere cubilia curae
6705,3869,Wood Chips - Regular,posuere cubilia curae mauris viverra
4624,2973,Cookies Cereal Nut,vestibulum ante ipsum primis in
17635,4525,Langers - Ruby Red Grapfruit,at diam nam tristique tortor
16091,2605,"Garlic - Primerba, Paste",a libero nam dui proin
6048,4675,Red Cod Fillets - 225g,posuere felis sed lacus morbi
12084,2102,Truffle - Whole Black Peeled,pede justo lacinia eget tincidunt
14786,2061,"Chilli Paste, Hot Sambal Oelek",nunc viverra dapibus nulla suscipit
11771,4908,Beef Flat Iron Steak,eget nunc donec quis orci
14344,4068,Lamb - Sausage Casings,in purus eu magna vulputate
19568,4390,"Yogurt - Peach, 175 Gr",potenti in eleifend quam a
6203,2056,Coffee - Hazelnut Cream,libero ut massa volutpat convallis
3674,1826,Food Colouring - Pink,orci nullam molestie nibh in
1613,2705,Flavouring - Raspberry,molestie nibh in lectus pellentesque
8588,4013,Water - Evian 355 Ml,in lectus pellentesque at nulla
8281,3329,Bar - Granola Trail Mix Fruit Nut,pretium quis lectus suspendisse potenti
11195,2992,Eggplant - Baby,nulla eget eros elementum pellentesque
9989,2379,Table Cloth 54x72 White,quis orci eget orci vehicula
1022,3782,Buffalo - Striploin,bibendum imperdiet nullam orci pede
18643,1770,Soup - Campbells Chili Veg,cum sociis natoque penatibus et
12746,4614,Wine - Piper Heidsieck Brut,pellentesque viverra pede ac diam
6068,2477,Energy Drink Bawls,viverra eget congue eget semper
7705,1972,"Vermouth - Sweet, Cinzano",eu sapien cursus vestibulum proin
10381,3392,Fuji Apples,dolor sit amet consectetuer adipiscing
3556,4714,Appetizer - Assorted Box,curabitur convallis duis consequat dui
10315,4004,Container - Hngd Cll Blk 7x7x3,morbi sem mauris laoreet ut
10554,4685,Bread Base - Goodhearth,cubilia curae nulla dapibus dolor
7293,4943,Cheese - Le Cru Du Clocher,sit amet cursus id turpis
16695,3366,Wine - Rosso Toscano Igt,libero ut massa volutpat convallis
5154,1766,Coriander - Ground,nonummy integer non velit donec
2311,3540,Maple Syrup,molestie lorem quisque ut erat
4574,1821,Pepper - Chilli Seeds Mild,scelerisque quam turpis adipiscing lorem
17959,3973,Rice - Jasmine Sented,feugiat non pretium quis lectus
18125,3978,Sproutsmustard Cress,blandit ultrices enim lorem ipsum
1533,1073,Longos - Chicken Wings,libero nam dui proin leo
3478,1761,Salami - Genova,aliquam lacus morbi quis tortor
4268,4486,Veal - Nuckle,nec nisi vulputate nonummy maecenas
18840,2874,Versatainer Nc - 9388,cras in purus eu magna
7985,4776,Crackers - Water,nonummy integer non velit donec
19897,4387,Anchovy In Oil,eu interdum eu tincidunt in
15608,4337,Crackers - Melba Toast,quam nec dui luctus rutrum
7126,2238,"Stock - Veal, Brown",ultrices enim lorem ipsum dolor
18456,4088,Pepper - Red Bell,sit amet turpis elementum ligula
3960,1012,Raisin - Dark,sapien cum sociis natoque penatibus
15006,2417,"Ham - Smoked, Bone - In",auctor gravida sem praesent id
1282,2412,Sauce - Balsamic Viniagrette,vivamus vestibulum sagittis sapien cum
5510,3181,Tea - English Breakfast,amet sem fusce consequat nulla
17271,4464,Wine - Wyndham Estate Bin 777,mattis pulvinar nulla pede ullamcorper
7315,4067,Bread - Focaccia Quarter,amet consectetuer adipiscing elit proin
15448,4081,Table Cloth 54x72 Colour,felis ut at dolor quis
1447,4808,"Veal - Round, Eye Of",leo pellentesque ultrices mattis odio
12811,2836,Plate Foam Laminated 9in Blk,tempus vel pede morbi porttitor
6444,2870,Mushroom - Crimini,augue luctus tincidunt nulla mollis
4796,3379,Pears - Bosc,ut odio cras mi pede
5326,3831,Cilantro / Coriander - Fresh,ullamcorper augue a suscipit nulla
8834,3359,Sugar - Monocystal / Rock,tincidunt lacus at velit vivamus
11348,1597,Noodles - Steamed Chow Mein,eu orci mauris lacinia sapien
2873,1538,Salad Dressing,dis parturient montes nascetur ridiculus
6596,2337,Chips Potato Swt Chilli Sour,sapien placerat ante nulla justo
17173,1495,"Pasta - Penne Primavera, Single",ut odio cras mi pede
18317,3664,Berry Brulee,iaculis diam erat fermentum justo
12212,1971,"Sauce - Black Current, Dry Mix",erat volutpat in congue etiam
16289,3439,Cookie Double Choco,dui luctus rutrum nulla tellus
10544,2999,"Pepper - Chipotle, Canned",odio cras mi pede malesuada
7882,4377,"Pepper - Black, Ground",in ante vestibulum ante ipsum
17293,4192,Cauliflower,integer pede justo lacinia eget
2264,3433,Swiss Chard,ac diam cras pellentesque volutpat
15891,2123,Flour - Rye,faucibus orci luctus et ultrices
10436,4919,Ostrich - Fan Fillet,nibh quisque id justo sit
13886,2046,"Soup - Canadian Pea, Dry Mix",ipsum dolor sit amet consectetuer
13789,1556,Liners - Baking Cups,dui proin leo odio porttitor
9781,3362,"Bread - Pita, Mini",in magna bibendum imperdiet nullam
14181,2917,"Wine - White, Riesling, Semi - Dry",sem sed sagittis nam congue
13853,4347,Wine - Duboeuf Beaujolais,ac diam cras pellentesque volutpat
15519,3825,Sausage - Blood Pudding,proin at turpis a pede
5350,3565,"Wine - White, Mosel Gold",convallis tortor risus dapibus augue
2892,2653,Lotus Leaves,in est risus auctor sed
16211,2849,Wiberg Super Cure,iaculis diam erat fermentum justo
1172,3291,Kellogs All Bran Bars,quis turpis sed ante vivamus
7894,3601,Orange Roughy 6/8 Oz,id mauris vulputate elementum nullam
18891,3750,Mushroom - King Eryingii,nisl ut volutpat sapien arcu
15630,4754,"Flour - Buckwheat, Dark",et commodo vulputate justo in
12933,2108,Appetiser - Bought,mus vivamus vestibulum sagittis sapien
15827,2470,Rice Paper,quam suspendisse potenti nullam porttitor
18658,3258,Beef - Top Butt Aaa,id lobortis convallis tortor risus
9361,1174,Gatorade - Orange,morbi sem mauris laoreet ut
5607,3347,"Sauce - Gravy, Au Jus, Mix",suspendisse potenti nullam porttitor lacus
18177,2179,Chips Potato All Dressed - 43g,curabitur at ipsum ac tellus
4773,2604,Soup - Campbells Broccoli,in lectus pellentesque at nulla
13888,2342,"Sugar - Sweet N Low, Individual",donec ut dolor morbi vel
16546,3557,Sorrel - Fresh,tellus in sagittis dui vel
9125,3517,Juice - V8 Splash,ligula vehicula consequat morbi a
15903,4372,"Juice - Tomato, 48 Oz",est donec odio justo sollicitudin
6318,2748,Puree - Raspberry,mus etiam vel augue vestibulum
8685,4431,Wine - Placido Pinot Grigo,a nibh in quis justo
12787,1783,"Wine - White, Antinore Orvieto",nulla eget eros elementum pellentesque
11205,4513,Shrimp - Black Tiger 16/20,penatibus et magnis dis parturient
6110,2751,Veal - Ground,lorem id ligula suspendisse ornare
17136,1369,Muffin Hinge 117n,pretium nisl ut volutpat sapien
15847,1134,"Veal - Round, Eye Of",parturient montes nascetur ridiculus mus
1170,1032,"Split Peas - Green, Dry",ut suscipit a feugiat et
17731,1892,Cleaner - Bleach,rhoncus mauris enim leo rhoncus
12845,3681,"Beef - Baby, Liver",integer aliquet massa id lobortis
19720,3372,Beef Striploin Aaa,magna at nunc commodo placerat
10900,4839,Cookies Oatmeal Raisin,consequat nulla nisl nunc nisl
2962,1155,Cake - Night And Day Choclate,ac leo pellentesque ultrices mattis
10636,4980,Beans - Soya Bean,felis fusce posuere felis sed
8799,2729,Egg - Salad Premix,faucibus accumsan odio curabitur convallis
1338,4101,Glucose,massa id nisl venenatis lacinia
3253,4074,Chicken - Soup Base,nullam porttitor lacus at turpis
5945,4145,"Tomatoes - Vine Ripe, Red",sociis natoque penatibus et magnis
2637,3961,Pepper - Roasted Red,sed accumsan felis ut at
16906,4502,Petite Baguette,sed tincidunt eu felis fusce
10321,2784,Oats Large Flake,dui nec nisi volutpat eleifend
6977,4697,Cod - Fillets,nibh ligula nec sem duis
18393,4442,Wine - Cousino Macul Antiguas,convallis duis consequat dui nec
7751,4712,V8 Splash Strawberry Banana,dui maecenas tristique est et
6471,4289,Skirt - 29 Foot,sapien iaculis congue vivamus metus
10386,1273,Tequila Rose Cream Liquor,ac diam cras pellentesque volutpat
8522,2812,Sausage - Liver,ante ipsum primis in faucibus
9530,4569,Bagels Poppyseed,lobortis ligula sit amet eleifend
16435,3333,Beer - Sleeman Fine Porter,odio elementum eu interdum eu
14663,4088,"Syrup - Monin, Amaretta",sapien placerat ante nulla justo
18040,4134,Wine - Chianti Classica Docg,consequat ut nulla sed accumsan
18657,1410,Creme De Menthe Green,convallis eget eleifend luctus ultricies
10879,4629,Tomatoes - Yellow Hot House,enim blandit mi in porttitor
4870,1404,Scrubbie - Scotchbrite Hand Pad,lobortis sapien sapien non mi
3311,1412,Bananas,dapibus duis at velit eu
13260,3649,Peach - Fresh,urna pretium nisl ut volutpat
13622,4261,Sauce - Hoisin,eget tincidunt eget tempus vel
5131,1474,Cheese - Shred Cheddar / Mozza,semper porta volutpat quam pede
19788,4356,Parasol Pick Stir Stick,nam nulla integer pede justo
7090,3503,Pie Filling - Pumpkin,potenti nullam porttitor lacus at
5538,1976,Veal - Knuckle,in felis donec semper sapien
16738,2294,Cake - Miini Cheesecake Cherry,nulla mollis molestie lorem quisque
14696,1807,Chocolate - Milk,tellus nulla ut erat id
12979,3082,Trout Rainbow Whole,eu massa donec dapibus duis
8028,4201,Apricots - Dried,elementum pellentesque quisque porta volutpat
10614,4773,Smirnoff Green Apple Twist,fusce congue diam id ornare
18275,2197,Lettuce - Boston Bib,in consequat ut nulla sed
19993,2362,Sprouts - Brussel,congue diam id ornare imperdiet
3802,4400,Salt - Sea,sit amet erat nulla tempus
1387,2010,Cherries - Fresh,purus sit amet nulla quisque
5131,4148,Wine - Chenin Blanc K.w.v.,elit proin risus praesent lectus
3034,2988,Soup - Campbells Chili,ac diam cras pellentesque volutpat
4666,3261,Shrimp - Black Tiger 13/15,magna vulputate luctus cum sociis
16882,3603,"Bread - Pumpernickle, Rounds",id mauris vulputate elementum nullam
3622,4172,"Cup - 6oz, Foam",pede justo lacinia eget tincidunt
6256,1061,Bread Country Roll,enim sit amet nunc viverra
10056,4864,Creme De Menthe Green,congue etiam justo etiam pretium
15632,3675,Sherry - Dry,sed magna at nunc commodo
2523,3989,Pork - Suckling Pig,accumsan tortor quis turpis sed
18937,2969,Extract Vanilla Pure,nec nisi vulputate nonummy maecenas
11565,2031,Bread - Raisin Walnut Oval,morbi ut odio cras mi
3415,3123,Straws - Cocktale,rutrum nulla tellus in sagittis
13808,3023,Dried Cranberries,et magnis dis parturient montes
8556,4348,Spinach - Packaged,ante vel ipsum praesent blandit
3722,2941,Truffle Shells - Semi - Sweet,morbi odio odio elementum eu
10412,3223,"Soup - Campbells, Chix Gumbo",in tempor turpis nec euismod
2463,3317,Grapefruit - Pink,blandit ultrices enim lorem ipsum
3021,4391,Edible Flower - Mixed,nunc vestibulum ante ipsum primis
1911,2974,"Pepper - Chipotle, Canned",in tempus sit amet sem
17148,2636,Ham - Cooked,ornare imperdiet sapien urna pretium
14119,4881,Vinegar - Cider,velit eu est congue elementum
10426,1522,Wasabi Powder,neque libero convallis eget eleifend
14423,3584,Appetizer - Smoked Salmon / Dill,fringilla rhoncus mauris enim leo
19791,1322,Bar - Sweet And Salty Chocolate,porttitor pede justo eu massa
16387,2818,Chickhen - Chicken Phyllo,hac habitasse platea dictumst etiam
9306,1360,"Shrimp - 21/25, Peel And Deviened",integer ac leo pellentesque ultrices
6553,1666,Greens Mustard,etiam faucibus cursus urna ut
11866,2573,Wine - Piper Heidsieck Brut,at lorem integer tincidunt ante
6421,4575,Extract Vanilla Pure,semper porta volutpat quam pede
18224,3594,"Tomatoes - Vine Ripe, Red",quisque ut erat curabitur gravida
15261,1764,Cheese - Cream Cheese,curabitur at ipsum ac tellus
7635,2630,Spinach - Frozen,nunc vestibulum ante ipsum primis
15148,2546,Glucose,sed tristique in tempus sit
11253,3348,Table Cloth 81x81 White,eu mi nulla ac enim
8291,3075,"Crush - Grape, 355 Ml",feugiat non pretium quis lectus
3824,2598,Canadian Emmenthal,erat nulla tempus vivamus in
14695,3123,Green Scrubbie Pad H.duty,lacinia nisi venenatis tristique fusce
17783,2820,"Wine - White, Cooking",eu nibh quisque id justo
2659,4149,"Wine - Red, Cooking",donec posuere metus vitae ipsum
8118,1905,Lemon Pepper,orci luctus et ultrices posuere
17676,4534,Chicken Breast Halal,elit proin risus praesent lectus
1622,2314,Buffalo - Striploin,pede ullamcorper augue a suscipit
16507,4798,"Stock - Beef, Brown",justo nec condimentum neque sapien
7583,2181,Wine - Vovray Sec Domaine Huet,fusce congue diam id ornare
14243,1769,"C - Plus, Orange",vitae quam suspendisse potenti nullam
10033,4326,Rice - Aborio,vivamus vestibulum sagittis sapien cum
9741,4301,"Crab - Dungeness, Whole, live",urna ut tellus nulla ut
8117,2741,Lettuce - Lolla Rosa,mattis nibh ligula nec sem
8517,4760,"Pepper - Black, Crushed",sapien varius ut blandit non
15481,3027,Chef Hat 25cm,eros elementum pellentesque quisque porta
16577,2358,Burger Veggie,sapien urna pretium nisl ut
11059,4743,Milk - 2%,habitasse platea dictumst etiam faucibus
13413,2119,Dc - Frozen Momji,ipsum primis in faucibus orci
8321,3695,Chives - Fresh,purus sit amet nulla quisque
13221,3688,Snapple Raspberry Tea,ligula suspendisse ornare consequat lectus
16995,3447,Cup - Translucent 7 Oz Clear,vulputate justo in blandit ultrices
2230,3610,Nantucket Cranberry Juice,eu magna vulputate luctus cum
16403,2948,"Beef - Chuck, Boneless",duis at velit eu est
6012,1754,Table Cloth 144x90 White,sem sed sagittis nam congue
3715,1711,Dried Cherries,donec odio justo sollicitudin ut
8475,4257,"Oil - Shortening,liqud, Fry",felis fusce posuere felis sed
12574,2403,Cleaner - Comet,lacinia eget tincidunt eget tempus
3331,1150,Truffle - Peelings,proin eu mi nulla ac
17393,1162,"Flour - Corn, Fine",dui proin leo odio porttitor
10459,4452,"Veal - Inside Round / Top, Lean",posuere felis sed lacus morbi
16146,3017,Water Chestnut - Canned,phasellus sit amet erat nulla
3716,4602,"Chicken - Thigh, Bone In",lacus at velit vivamus vel
18119,1812,Mince Meat - Filling,praesent lectus vestibulum quam sapien
13211,4069,"Tabasco Sauce, 2 Oz",nec euismod scelerisque quam turpis
9511,3804,Wine - Chateauneuf Du Pape,non mattis pulvinar nulla pede
3358,3157,"Veal - Leg, Provimi - 50 Lb Max",eget semper rutrum nulla nunc
12603,4245,Pork - Inside,mattis nibh ligula nec sem
10195,1957,Mcgillicuddy Vanilla Schnap,quam a odio in hac
14592,1629,Coffee - French Vanilla Frothy,sit amet turpis elementum ligula
14514,4786,"Crab - Dungeness, Whole, live",lacinia aenean sit amet justo
2760,4482,Cod - Fillets,ornare imperdiet sapien urna pretium
6168,4354,Syrup - Pancake,aliquam non mauris morbi non
19589,1516,Pimento - Canned,quisque ut erat curabitur gravida
2680,1319,"Pork - Bacon, Double Smoked",accumsan felis ut at dolor
2617,4532,Lamb Leg - Bone - In Nz,ultrices mattis odio donec vitae
19001,1620,Cranberries - Frozen,nulla ut erat id mauris
15535,3037,Muffin Hinge 117n,eget tempus vel pede morbi
5419,4374,"Napkin - Beverge, White 2 - Ply",nam congue risus semper porta
13387,4798,Wine - Gato Negro Cabernet,a libero nam dui proin
15811,3946,"Turkey - Breast, Smoked",nascetur ridiculus mus etiam vel
10416,1213,"Red Snapper - Fresh, Whole",augue aliquam erat volutpat in
10851,2214,Sole - Fillet,eu interdum eu tincidunt in
9991,1035,Cheese Cloth,semper rutrum nulla nunc purus
19377,3836,Aspic - Amber,aliquam lacus morbi quis tortor
19690,2294,Mix - Cocktail Ice Cream,ante nulla justo aliquam quis
19081,3068,Tea - Honey Green Tea,lobortis ligula sit amet eleifend
12510,3255,Wine - Chateau Timberlay,massa id lobortis convallis tortor
16156,4743,Tomato Paste,mi in porttitor pede justo
12059,3285,Crab - Meat Combo,diam neque vestibulum eget vulputate
6162,2959,"Brandy - Orange, Mc Guiness",mattis pulvinar nulla pede ullamcorper
18512,4825,"Pepper - Green, Chili",sem fusce consequat nulla nisl
6170,3464,Wine - Penfolds Koonuga Hill,in faucibus orci luctus et
1249,1613,Cheese - Grana Padano,blandit non interdum in ante
11147,1143,"Yogurt - Blueberry, 175 Gr",rutrum nulla nunc purus phasellus
12095,1304,Longos - Grilled Salmon With Bbq,ligula vehicula consequat morbi a
1563,4264,The Pop Shoppe - Root Beer,consequat lectus in est risus
13058,4599,Banana - Leaves,maecenas rhoncus aliquam lacus morbi
14892,3575,Tea Leaves - Oolong,ut massa quis augue luctus
12232,4806,Cocoa Feuilletine,ante vivamus tortor duis mattis
3906,3304,"Soup - Knorr, Ministrone",malesuada in imperdiet et commodo
15267,1992,Laundry - Bag Cloth,adipiscing lorem vitae mattis nibh
3098,3256,"Crab - Dungeness, Whole, live",vitae ipsum aliquam non mauris
7832,1041,Pasta - Canelloni,sit amet eleifend pede libero
2560,4067,"Stock - Veal, White",id ornare imperdiet sapien urna
14147,1341,Onions - Red,nam tristique tortor eu pede
10295,2442,Longos - Burritos,vestibulum ante ipsum primis in
9076,1131,"Bread - Roll, Calabrese",iaculis justo in hac habitasse
14071,4513,Chicken - Livers,quam sollicitudin vitae consectetuer eget
6093,4768,Vinegar - Balsamic,sollicitudin ut suscipit a feugiat
14753,1736,Bread - Calabrese Baguette,placerat ante nulla justo aliquam
3986,4030,Cheese - La Sauvagine,vestibulum rutrum rutrum neque aenean
7036,3669,"Coffee - Colombian, Portioned",vestibulum ante ipsum primis in
9196,2562,Yoghurt Tubes,sodales sed tincidunt eu felis
17604,4521,Pie Shells 10,etiam vel augue vestibulum rutrum
17613,1781,Beef Wellington,massa volutpat convallis morbi odio
19188,3349,Lamb - Shanks,suspendisse ornare consequat lectus in
18526,3584,Quiche Assorted,eu est congue elementum in
15288,3559,Muffin Batt - Choc Chk,volutpat sapien arcu sed augue
5269,4859,Sugar - Invert,nisi vulputate nonummy maecenas tincidunt
6482,1473,Veal Inside - Provimi,in felis donec semper sapien
1181,1787,Mix - Cocktail Ice Cream,sociis natoque penatibus et magnis
9948,1989,Tea Leaves - Oolong,sagittis nam congue risus semper
17838,3060,"Rice Pilaf, Dry,package",magnis dis parturient montes nascetur
14032,4646,"Syrup - Golden, Lyles",lacinia eget tincidunt eget tempus
16822,4262,"Chicken - White Meat, No Tender",morbi porttitor lorem id ligula
6816,1576,Cheese - Fontina,neque libero convallis eget eleifend
6694,3172,Spinach - Frozen,suspendisse potenti in eleifend quam
1398,1345,Potatoes - Idaho 80 Count,cras in purus eu magna
13188,2836,Cheese - Mascarpone,sit amet sem fusce consequat
9847,4860,"Nut - Hazelnut, Whole",fusce consequat nulla nisl nunc
2544,1847,Wine - White Cab Sauv.on,quis turpis sed ante vivamus
9823,3725,Pork - Sausage Casing,leo maecenas pulvinar lobortis est
3890,3764,Turnip - Mini,tortor sollicitudin mi sit amet
2835,3511,Croissants Thaw And Serve,nulla ac enim in tempor
18625,2065,Sauce Bbq Smokey,placerat praesent blandit nam nulla
19213,4282,Carbonated Water - White Grape,ut mauris eget massa tempor
2238,2531,Creme De Cacao Mcguines,nulla ut erat id mauris
17631,1515,Crab - Soft Shell,nulla pede ullamcorper augue a
10143,1380,Lobster - Canned Premium,nulla suspendisse potenti cras in
4847,3273,"Rum - Cream, Amarula",ipsum dolor sit amet consectetuer
11553,2156,Yukon Jack,at nulla suspendisse potenti cras
8135,4922,Brandy Apricot,tristique in tempus sit amet
6666,4566,Beans - Fava Fresh,commodo placerat praesent blandit nam
18515,4098,Wine - Magnotta - Belpaese,adipiscing elit proin risus praesent
10568,2707,Octopus,in purus eu magna vulputate
18421,1052,Beer - Molson Excel,nunc rhoncus dui vel sem
19582,1271,Coffee - Dark Roast,nullam porttitor lacus at turpis
5584,1391,"Rum - Spiced, Captain Morgan",nisl duis bibendum felis sed
18790,4810,Hot Chocolate - Individual,mauris vulputate elementum nullam varius
11998,2743,Cream - 18%,aliquet ultrices erat tortor sollicitudin
8676,3575,Island Oasis - Strawberry,viverra pede ac diam cras
13670,1540,Muffin Mix - Chocolate Chip,accumsan tortor quis turpis sed
15609,1002,Veal - Liver,id turpis integer aliquet massa
12674,1883,Chinese Foods - Chicken Wing,id ligula suspendisse ornare consequat
8636,2444,Paper - Brown Paper Mini Cups,lacus at turpis donec posuere
19106,4784,Wine - Chateauneuf Du Pape,tempus vivamus in felis eu
6834,1436,Orange - Blood,et ultrices posuere cubilia curae
14314,4861,Lamb - Whole Head Off,nulla ut erat id mauris
9579,4922,Cookies Almond Hazelnut,pharetra magna vestibulum aliquet ultrices
2546,1962,Grapes - Black,vulputate elementum nullam varius nulla
10696,1883,Almonds Ground Blanched,sit amet nulla quisque arcu
12799,2425,Tea - Earl Grey,odio cras mi pede malesuada
16243,2559,Pastry - Baked Scones - Mini,at turpis a pede posuere
6612,4649,Pepper - Pablano,sollicitudin mi sit amet lobortis
13779,2193,Nacho Chips,varius ut blandit non interdum
2018,4703,Cookies - Fortune,vestibulum ante ipsum primis in
6580,1542,Carrots - Jumbo,lacus morbi quis tortor id
6542,2180,Wine - Sogrape Mateus Rose,porttitor id consequat in consequat
6703,1473,Milk - Homo,cum sociis natoque penatibus et
