NIT,NAME,NAMEADMIN
19830,"Gleason, O'Keefe and Hammes",Shadow
2689,Smith-Parisian,Papagena
9275,Gerhold Inc,Cris
4323,Gottlieb-Kovacek,Frieda
19969,Yost-Monahan,Regina
12281,Schmeler LLC,Ernestus
11512,Reinger Inc,Brewster
6343,Fay-Hickle,Ayn
12321,Cole-Block,Bathsheba
1261,"Miller, Lubowitz and Cummings",Lelah
13771,Christiansen Group,Luelle
1197,"Erdman, Glover and Jerde",Carma
8378,O'Kon and Sons,Madlin
18188,Batz-Kris,Granville
4583,Schulist Inc,Suzie
15465,Pollich-Cormier,Tab
8620,Jast and Sons,Cob
8672,"Marks, Walter and White",Wheeler
12129,Bergstrom-Swaniawski,Peyter
8508,Wilkinson-Satterfield,Joanna
15293,Cremin-Armstrong,Lauretta
10176,Lesch LLC,Curtice
2910,Kerluke-Kris,Laney
7284,Lang and Sons,Arlene
9272,Nicolas and Sons,Bab
17699,Runolfsdottir and Sons,Rochette
9811,Ebert-Cole,Demetri
9141,Murphy Inc,Fanny
18653,Effertz-Walsh,Laraine
16405,Robel-Stiedemann,Allyce
14664,Bailey-Hirthe,Mollee
10966,Powlowski-Auer,Slade
17503,Prohaska-Cormier,Skipp
9479,Wiza-Shields,Dallas
15286,Herzog Inc,Galvin
14218,Witting LLC,Didi
18517,"Cronin, Herman and Kunze",Ives
1444,Schiller-McLaughlin,Agathe
17386,Parisian LLC,Lorens
14465,Towne LLC,Gerri
16736,Goldner Inc,Caralie
10923,Jakubowski-Witting,Kareem
15781,"Gusikowski, Buckridge and Buckridge",Carie
2440,Bailey-Bayer,Bernadene
8482,Kohler LLC,Corinna
12902,Fay-Johns,Shepard
3115,Collins-Wolf,Devora
1267,Heidenreich Inc,Nial
16816,"Hagenes, Gutkowski and Robel",Kay
16115,Fadel Inc,Lyn
6431,Kshlerin Group,Johnette
6521,Monahan Group,Myrtice
16519,Greenfelder-Murray,Audre
4691,"Kulas, Balistreri and Cormier",Bourke
3749,"Ebert, Turcotte and Ward",Cullin
6787,"Lang, Beahan and Carroll",Rosalyn
9286,Little-Hoppe,Stephani
16521,Kautzer-Reichert,Nerty
6169,Pouros-Balistreri,Sayer
1296,Ward-Crooks,Arlena
9620,Howell-Waelchi,Damien
7325,Sanford Group,Wilmer
17222,Altenwerth LLC,Baudoin
7212,Keebler-Graham,Jewell
14023,Leffler-Fadel,Oates
19994,Waelchi Inc,Theobald
4086,Simonis and Sons,Neall
7765,"Hahn, Mohr and Steuber",Ynes
3645,"Leuschke, Zboncak and Murazik",Perren
7889,Block-Willms,Beverie
19647,Wilkinson Group,Lisle
7559,"Rutherford, Nienow and Frami",Bartolomeo
13924,Kub Inc,Feodor
18446,"Hodkiewicz, Hayes and Rosenbaum",Roman
9880,Hintz LLC,Alessandro
11800,"Sporer, Bode and Runte",Clarita
6077,McCullough-Stiedemann,Aeriel
16181,Wilkinson Inc,Locke
4632,Stiedemann-Hodkiewicz,Livvy
16845,"Runolfsdottir, Hackett and Koelpin",Stormi
7524,Schimmel LLC,Emmott
9980,Prosacco-Littel,Jocelyn
12107,Wisozk-Stamm,Issiah
11463,"Legros, Rau and Blanda",Florinda
15202,Hane-Lang,Kori
5787,Zemlak Inc,Tiebout
6601,"Quigley, Russel and Grady",Marris
17675,"Reilly, Stokes and Hand",Lilias
8588,Bailey-Jenkins,Che
6293,Hirthe-Wilderman,Rubia
5118,"Rowe, Kassulke and Crona",Kerrie
3597,Adams-Collins,Dianna
14794,"Zemlak, Ritchie and Romaguera",Tristam
13104,"Crooks, Dicki and Hermann",Nert
14531,"Erdman, Hackett and Wiegand",Tremayne
13697,Bradtke and Sons,Simon
13787,Conn Group,Evie
2286,"Armstrong, Jacobi and Marks",Hattie
12306,Bradtke LLC,Fidole
16717,Schinner and Sons,Perri
4952,Wiegand and Sons,Christiane
2595,Cronin and Sons,Haze
15435,Botsford-Bechtelar,Richardo
17426,Auer-Stracke,Carlen
4589,"Schinner, Marquardt and Klein",Wendel
13762,"Brekke, Dicki and Block",Stan
8741,"Roberts, Corwin and Koelpin",Mordecai
14658,Cormier-VonRueden,Zeke
18687,Stanton-Crooks,Sabrina
4245,"Rutherford, Swift and Osinski",Ardis
10827,Kirlin-Mraz,Sayres
4130,Cummings-Koepp,Brent
3408,"Jones, Conn and Roberts",Harriett
1641,"Monahan, Cruickshank and Hansen",Ekaterina
11711,"Smith, Heathcote and Waelchi",Yancy
14056,"Nader, Mante and Cormier",Wadsworth
15194,"Kessler, Johnston and Barton",Adolf
4514,King and Sons,Bernette
17917,"Swaniawski, Huels and Zulauf",Josy
19432,Keebler-Beahan,Merralee
15133,"Bayer, Johnson and Lynch",Katee
12236,Brown LLC,Talbot
4418,Dickens LLC,Debora
8794,Donnelly LLC,Benoite
3670,"Paucek, Durgan and Bins",Sonny
2485,Bradtke Group,Abba
4031,Kiehn and Sons,Clarita
7853,"Bechtelar, Roob and Reinger",Darrelle
3842,Hermann-Homenick,Casper
15792,Smith and Sons,Arte
12993,Ledner-Adams,Marcellus
2193,Nader-Auer,Joela
12690,Osinski and Sons,Michelina
14881,Beatty-Gislason,Esmeralda
9743,"Luettgen, Kiehn and Roob",Tedie
1175,"Sporer, Hermann and Wilkinson",Yves
7187,"Ledner, Zulauf and Heathcote",Lionel
5502,"Heathcote, Kreiger and Sawayn",Vaclav
10423,Farrell Group,Ephrem
8380,"Waelchi, Stokes and Emard",Rowe
18031,Schiller-Hills,Rafe
7266,Stehr Inc,Meara
15200,Shields-Moore,Abbye
17360,Nienow Inc,Gigi
6984,"Kunze, Kling and Heller",Winona
7533,Cummings-Hahn,Christine
4167,Will and Sons,Kelly
17358,Effertz LLC,Crystie
3754,Renner-Quitzon,Laughton
4908,Osinski-Osinski,Gillian
11959,Beier LLC,Myranda
10731,Streich-Kunze,Janey
5223,"Effertz, Leffler and Hodkiewicz",Robbin
8666,O'Kon-Sawayn,Urban
2053,Kihn-Orn,Annice
17118,Brekke Inc,Chance
7827,Huels-Beer,Florette
15316,Reynolds-Moore,Benjy
9104,"Brakus, Harris and Goldner",Tabatha
8812,Thompson-Emard,Vivyanne
13442,"Heidenreich, Wyman and Rutherford",Vernor
3494,"Hauck, Kris and Klein",Kippy
10866,Monahan-Fahey,Leonard
11169,Ratke Group,Ron
3618,Lind-Emard,Fritz
15391,"Osinski, Pollich and Schowalter",Paxon
5071,Carroll and Sons,Quinlan
5589,Haley Inc,Alaric
2132,Rohan-Hahn,Marco
8842,"Mante, Bernhard and Gerlach",Zelma
4625,Wuckert and Sons,Sheffie
8175,Schowalter Inc,Gabby
8451,Luettgen LLC,Petronella
5810,Robel-Fahey,Abrahan
12811,Altenwerth Inc,Benjie
16595,"Ziemann, Mayert and McGlynn",Katina
7589,Roob-Ledner,Lexine
8530,"McGlynn, Metz and Upton",Della
13844,"Sawayn, Schmidt and Dickinson",Mikel
7999,Paucek Inc,Franklin
1135,Dooley-Roob,Iormina
1098,Murray-Hagenes,Lucio
6749,Schmidt and Sons,Sascha
3035,"McLaughlin, Stanton and Bayer",Dennis
19663,Morissette-Dicki,Aldus
16246,Bahringer-Predovic,Rosemaria
15731,Schmeler-Lowe,Maryellen
2545,Oberbrunner Inc,Vinnie
17932,"Lemke, Herzog and Donnelly",Luca
11572,Waelchi and Sons,Tessi
17506,Gibson and Sons,Darice
4133,"Rutherford, Ortiz and Haley",Ty
14699,Conn and Sons,Gregoor
7476,Dare and Sons,Bronnie
8109,Berge Group,Tim
19391,"Ankunding, Johns and Trantow",Sheba
15902,Reinger-Bartell,Der
3593,"Kunze, Mosciski and Hermiston",Nevins
12621,Mertz LLC,Cyrill
1369,"Lindgren, Green and Johns",Betteanne
6376,Goodwin-Oberbrunner,Terrell
9674,"Heller, Fisher and Witting",Coralie
7762,Grimes LLC,Christiana
15768,Bogan-DuBuque,Karla
8342,Kovacek-Dickens,Dirk
11080,"Franecki, Kling and Paucek",Bibby
14959,"Braun, Lowe and Anderson",Lenci
2957,Koch-Blick,Eberhard
2253,Koepp-Kirlin,Benedicto
1840,Veum and Sons,Mason
16016,Welch Inc,Guthry
14099,Johnston and Sons,Abelard
10381,Ernser-Schaefer,Cassandry
7870,Parisian-Stokes,Shea
7623,O'Keefe Inc,Faith
5793,"Koch, Maggio and Windler",Dode
18297,Dach Group,Willy
7254,McClure Group,Shani
4204,"Robel, Grimes and Waters",Mariana
13624,"Mills, Harvey and Rau",Audi
13221,Kiehn-Raynor,Laurie
19601,Champlin-Bode,Fanny
10079,"Block, Cartwright and Roob",Sheba
19288,"Luettgen, Swift and Klein",Gualterio
13893,"Reynolds, Sauer and Turner",Berny
15834,"Abernathy, Gusikowski and Gusikowski",Haven
1931,Runolfsdottir-Murphy,Catherin
14370,"Metz, Cummerata and Runte",Martie
4953,"Feest, Kunde and Stoltenberg",Weber
1520,Gleichner-Swift,Penrod
10729,Schimmel-Gottlieb,Murdock
16479,Batz-Prohaska,Fernandina
19434,Mayert Group,Raynard
10442,Altenwerth Inc,Jo-anne
10171,Reilly-Zulauf,Padget
1753,Reichert-O'Kon,Ben
6859,Harber-Kulas,Dionisio
12207,Ernser Inc,Selinda
15553,"Quitzon, Dach and Lind",Shandra
12683,Lind Group,Harris
9636,Harris-Hirthe,Chucho
10797,"Carter, Steuber and Eichmann",Karena
5485,Bogisich-Brekke,Nadine
5547,"Glover, Gerhold and Hilll",Sari
13326,DuBuque LLC,Huntington
2944,"Mertz, Herzog and Emmerich",Dalli
6212,Spencer and Sons,Karrie
5963,Murphy-Willms,Leonardo
11699,Nienow Inc,Lyn
7523,MacGyver-Fisher,Lenette
16351,Leannon Inc,Florentia
17854,Fritsch and Sons,Neville
17927,Reichel Inc,Grenville
17861,Gleason-Wintheiser,Arnaldo
7622,Kovacek Group,Simonette
5597,Rolfson Group,Guinna
17788,King Inc,Torrie
15894,"Williamson, Schroeder and Stracke",Rowan
4081,Corkery LLC,Alwin
15653,Jakubowski-Crist,Lucina
2934,Swaniawski Group,Tami
16659,"Leuschke, McCullough and Price",Hyacinthia
4118,Ondricka Inc,Marthena
5194,Predovic-Koepp,Owen
2860,Kuvalis-Crist,Fonzie
14954,Dooley LLC,Jule
18285,Wunsch and Sons,Dale
11793,"Raynor, Marks and Barrows",Krisha
10447,Pagac Inc,Rikki
19102,"Lang, Thompson and Schowalter",Julee
17567,Gorczany-Borer,Nancie
10150,Jacobs and Sons,Nettle
4497,Padberg and Sons,Ernesto
3577,Sawayn Inc,Gunter
13695,"Leannon, Sauer and Bergstrom",Rennie
10005,Pacocha-Green,Jolene
18417,Thiel-Abshire,Sayers
5883,Mertz Group,Phedra
2170,"Murazik, Lesch and Daniel",Kellie
5105,Heathcote-Quigley,Issie
6129,"Larkin, Ortiz and Cummerata",Gerhard
13126,Schuppe Inc,Iseabal
15950,Yundt Group,Althea
1802,"Bogan, Anderson and Dare",Lorry
5114,"Littel, Koepp and Vandervort",Dagmar
8762,Huel LLC,Glennie
6001,DuBuque-Sanford,Joby
17568,"Lind, Hodkiewicz and Schneider",Mata
17735,Kunze LLC,Rozalin
11623,Kub Inc,Trev
14118,"Okuneva, Tremblay and Marks",Marjy
3636,Ferry Inc,Kaja
13490,"Spinka, Rath and Mosciski",Ade
17755,Johns Inc,Aksel
14188,"Macejkovic, Bechtelar and Satterfield",Thain
9443,Ankunding-Bartell,Tuckie
19943,McLaughlin-Lakin,Chen
7263,Hegmann-Stehr,Fairlie
10893,Schmidt-Gottlieb,Brook
12746,Barton-Wuckert,Prudi
19202,"Pagac, Kuvalis and Fisher",Bekki
9180,"Schuppe, Gislason and Streich",Anne-marie
15103,Cruickshank Group,Yorker
12525,"Jones, Sipes and Johns",Maddie
12322,Gleichner and Sons,Boy
1274,Kertzmann and Sons,Amber
7581,Pouros-Wiegand,Ivy
8143,Durgan Group,Jamaal
17667,Hackett Inc,Jehanna
6452,Waters-Bashirian,Brittany
10041,Schneider-Green,Pate
16528,Erdman-Hagenes,Arel
12597,"Steuber, Romaguera and Hane",Bill
5193,Vandervort LLC,Andreas
2962,"Mann, Sporer and Hoeger",Sigfried
17244,Greenfelder LLC,Karena
2905,Luettgen and Sons,Bebe
16352,Weber-Cartwright,Galvin
5991,Hodkiewicz-Littel,Rosalia
3226,Davis-Jenkins,Barrett
18460,"Sporer, Johns and Howell",Calvin
18847,"Rempel, Smitham and Sporer",Lucina
5506,"Tremblay, Jenkins and Mann",Diana
12169,Schmeler and Sons,Meir
11262,Wyman Inc,Chicky
1670,Klein-Kilback,Teri
17787,Kertzmann Inc,Jodee
6737,"Wunsch, Kerluke and Carter",Rey
9385,Dibbert-Jones,Ashlee
6526,"Reinger, Harber and Wuckert",Tito
12812,"Ziemann, Schaden and Mertz",Devora
14024,"Denesik, Stoltenberg and Bayer",Erena
18342,Beier-Hermann,Sisely
17840,Lemke-Prosacco,Ebeneser
11322,Heathcote-McLaughlin,Jania
12067,Feest-Reilly,Devinne
9593,"Lind, O'Connell and Kulas",Lavinie
1856,Rogahn-Hand,Alleen
1601,McDermott-Daugherty,Jewel
12401,Roob-Ebert,Vera
1275,"Reinger, Hand and Grimes",Kyle
12216,Mosciski-Morissette,Kelsy
9287,"Breitenberg, Grady and Hessel",Mindy
7457,Deckow Group,Freida
19654,"Kutch, Jacobs and Boehm",Addi
1341,Lesch Inc,Tammie
18851,Hirthe-Ward,Rozamond
2487,"Boyle, Lang and Graham",Hamil
1953,"Herzog, Smitham and Rowe",Jennilee
14267,"Rau, Strosin and Ondricka",Laverna
5382,Wiegand-Koelpin,Fenelia
6535,Boehm Group,Lauren
9626,"Smitham, Parisian and Crona",Gilbert
4747,"Hilll, Rutherford and Beer",Moyra
2456,"Christiansen, Beahan and Walter",Briano
14775,Spencer and Sons,Jade
7525,"Kessler, Walker and Mills",Spense
18236,Hoeger LLC,Lethia
9246,Romaguera-Dickinson,Kelcy
6632,Rippin Inc,Horatia
10189,Wehner-Aufderhar,Bogart
12984,Macejkovic and Sons,Antonino
17528,Bogisich LLC,Victor
15351,Hammes-Tillman,Alvan
17354,Nikolaus and Sons,Aubrie
4891,"Heaney, Aufderhar and Wilkinson",Bud
1152,"Pollich, Tremblay and Senger",Emmett
6690,Berge Group,Nickolas
3587,Berge LLC,Gayle
13396,Cole Group,Burnaby
4832,Kutch Group,Lidia
14160,"White, Wolf and Quitzon",Artus
11435,Stroman Inc,Cassaundra
1273,Oberbrunner Inc,Livy
14695,Gusikowski Inc,Merola
9677,Stanton Inc,Veda
6507,Dibbert Inc,Lorraine
8279,"Hodkiewicz, Schuppe and Torp",Jeramie
15919,"Halvorson, Monahan and Weber",Korella
16360,Kutch and Sons,Magda
7007,Hirthe-Block,Josee
8676,Kutch-Wolff,Chastity
1864,"Ruecker, Kuhlman and Hyatt",Cissiee
15636,"Osinski, Bechtelar and Bernhard",Thorstein
19360,Gutmann-Marvin,Dominga
16460,"Kassulke, Friesen and Orn",Brook
8687,Quigley-Dare,Kimbra
7630,Witting Group,Duff
6476,Rosenbaum LLC,Mayer
15450,"Schroeder, Okuneva and Goyette",Gilli
14391,Goyette-Orn,Ajay
8907,Bogisich-Kuvalis,Sofie
7706,Olson Group,Amby
8046,"Muller, King and Bartell",Erhard
1514,"Macejkovic, Renner and Buckridge",Francoise
4850,Koepp-Little,Nanni
3105,Kuphal Inc,Golda
1722,Halvorson-Smitham,Hobard
2484,"Lindgren, Doyle and Kohler",Clarie
12539,Kemmer-Hettinger,Delila
14600,"Bechtelar, Auer and Kemmer",Tait
15570,Pagac and Sons,Tybi
18263,Spencer Inc,Garey
9108,Nitzsche LLC,Revkah
3434,Adams Group,Karrah
16532,Metz Group,Lin
11464,Shields LLC,Chic
6850,"Kutch, Maggio and Kreiger",Farlay
14142,Doyle-Leffler,Adams
19472,"Herzog, O'Connell and Stroman",Cristy
17126,"Daniel, Mosciski and DuBuque",Camel
19703,Wintheiser-Cormier,Welbie
14941,Braun-Hilll,Ekaterina
11769,Heathcote Inc,Mil
2020,Metz LLC,Myrtie
5894,"Wolf, Reichel and Herzog",Anneliese
15986,Smith Group,Gregoire
5079,"Rippin, Friesen and Hills",Herve
5639,Dietrich and Sons,Loren
1146,Lehner-Kunze,Shelby
5148,Corkery-Jenkins,Leonie
15383,"Hills, Bernhard and Jast",Catina
3815,Harber Group,Florry
6327,"Green, Rath and Wolff",Omero
16555,"Turner, Ratke and Kilback",Jereme
14626,O'Connell Group,Carolyn
16105,Ondricka-Streich,Corty
2545,Beer LLC,Lew
11452,"Klocko, Turcotte and Adams",Michal
6358,Kautzer-Koss,Jo-anne
7127,Herzog LLC,Adolf
8898,"Watsica, Parisian and Reynolds",Augustine
10396,"Kovacek, Haag and Senger",Dov
14878,"Larson, Brakus and Wiza",Guido
16090,Kihn-Johnson,Maynord
13770,Miller Group,Alena
19548,Rowe Inc,Koralle
5675,Kuhn LLC,Ethelyn
10054,Torphy and Sons,Giacopo
7690,"Moore, Lubowitz and Macejkovic",Eugenius
6340,Grimes Inc,Christie
14959,"Hackett, O'Kon and Auer",Torie
13162,Swift-Greenholt,Marta
11799,Connelly Group,Germayne
4688,Conn-Sporer,Malissia
1728,"Predovic, Haag and Runolfsson",Peri
14941,Dibbert LLC,Dur
10308,"Lubowitz, Robel and Lynch",Louisa
3132,Berge-Douglas,Edik
3775,"Swift, Wehner and Collins",Hedda
2869,Aufderhar-Cummings,Karleen
13291,Parker-Schimmel,Sallee
17381,"Boehm, Rosenbaum and O'Conner",Marwin
9380,Douglas and Sons,Lenna
17307,Gottlieb-Altenwerth,Rubia
11452,Schmitt Group,Emmey
18034,"Ratke, Hyatt and Conroy",Carey
17098,Gottlieb-McDermott,Kania
8472,"Ebert, Cole and Waelchi",Rodolfo
14722,Hickle-Funk,Alfonso
17883,Moen-Wintheiser,Amby
10013,Bruen-Anderson,Corbet
13763,Turcotte-Murazik,Liane
1115,Tremblay-Flatley,Garrot
16391,Kshlerin-Wilkinson,Manya
12789,Powlowski LLC,Linette
11404,"Quitzon, McGlynn and Bruen",Margaretta
13256,Torphy-Schumm,Bogart
9343,"Boyer, Mertz and Feil",Christalle
9982,Ebert Group,Silvie
1632,"Dooley, Ebert and Dare",Blaire
8740,Kovacek and Sons,Guglielma
12768,Lubowitz-Schulist,Hilde
18477,Kunde Inc,Harry
5810,Mosciski Inc,Lockwood
18715,Brakus-Ullrich,Claiborn
9915,Eichmann LLC,Schuyler
11263,"Huels, Kuhn and MacGyver",Ethelda
8635,"Macejkovic, Roob and Cummings",Tanya
3019,"Mohr, Yundt and Padberg",Noami
14127,"Funk, Flatley and Nader",Eberhard
2113,"Pfeffer, Crooks and Wunsch",Theo
19782,Paucek-Russel,Jehu
8021,Carter-Hoppe,Bing
14334,Steuber-O'Kon,Brenn
10008,Langosh-Glover,Antonella
12684,"Rippin, Keeling and Reinger",Alexis
10561,"Quitzon, Bashirian and Cummings",Willa
10085,Quitzon-Swift,Valry
11068,Abbott Inc,Brig
5961,"Jacobson, Hauck and Stehr",Krissie
10500,"Blick, Walsh and Hamill",Spencer
11707,Terry-Schmidt,Claudie
9251,Grimes LLC,Lyle
12608,Hamill-Gerlach,Saul
14836,"Klein, Lueilwitz and Langworth",Nydia
13591,Tromp Group,Jessica
19729,Schmeler-O'Connell,Fidelity
11029,Funk-Schroeder,Tony
16353,Feil Group,Chickie
1102,Zieme-Denesik,Filide
2475,Pfeffer-Altenwerth,Sigismund
17026,"Harvey, Turner and Jakubowski",Aubert
1935,Cassin-Flatley,Aleksandr
11879,Gerhold LLC,Chester
11645,D'Amore-Cartwright,Rodrigo
19619,Boehm LLC,Bron
18928,Daniel-Beier,Raffarty
7054,Hane-Gerlach,Jacenta
8019,"Heller, Cassin and Collins",Maggi
15543,"Morissette, Beer and Botsford",Winna
4199,Fritsch-Cartwright,Grace
15931,Bogisich and Sons,Lyon
6201,"Zboncak, Hermiston and Boyle",Laurianne
16148,Terry-Hessel,Camella
14303,Doyle-Ziemann,Sigismondo
19092,Harvey and Sons,Benjamin
18883,Cole Inc,Gaylord
7897,Bogisich-Osinski,Jacquette
19465,VonRueden and Sons,Filippa
19133,"Schaefer, Volkman and Cremin",Julianne
9940,Treutel and Sons,Wynn
11915,Hauck Inc,Hillie
5550,Hills Group,Rod
10642,Macejkovic and Sons,Luella
17524,Jast LLC,Matti
14462,Feil-Kulas,Emmett
4681,"Ryan, Kunze and Heller",Kienan
6038,Rodriguez LLC,Ranice
1699,Ortiz LLC,Malia
7654,Torp-Schinner,Babara
9225,"Cummerata, Roberts and Rohan",Elsy
8698,Yost-Langworth,Meggie
12229,Kohler Group,Nadine
12458,Jacobs-Schmidt,Kati
7187,Nader-Aufderhar,Jeanine
17182,Bode and Sons,Hercules
9654,Donnelly Group,Fair
17180,"Barrows, Stiedemann and Toy",Addison
6636,"Carroll, Crona and Runolfsdottir",Bernardine
14138,"Dach, Dicki and Ebert",Pippa
14453,Howe-Kuphal,Aggie
14243,"Reichel, Jerde and Wilderman",Con
15054,Marquardt and Sons,Meg
16041,Parker-Bogan,Casper
5694,Simonis-Ortiz,Pauletta
7695,Stehr LLC,Berkeley
10335,Beer and Sons,Brooke
11046,Smith and Sons,Donalt
10078,"O'Reilly, Koelpin and Gusikowski",Marshall
8431,Bartell-Heller,Emelda
11913,Bruen-Hilll,Shelby
7695,Corkery-Pfeffer,Onida
12096,"Walker, Howell and Feeney",Darin
10324,Waelchi-Grimes,Gussie
18010,"Harber, Wisozk and Bosco",Leif
5915,Anderson-Hessel,Rhodia
3539,White-Hermann,Lacey
6158,Aufderhar LLC,Bernard
2065,Harvey-McCullough,Emalee
8134,Okuneva-Hickle,Dimitry
19957,Bayer-Friesen,Monah
17079,McCullough-Mayer,Stacey
7773,Anderson-Doyle,Mychal
13889,Strosin Inc,Nicko
7752,Schaefer Inc,Esme
9659,Deckow LLC,Marwin
13784,"Blanda, Volkman and Wuckert",Eugen
12579,"Gerhold, Schaden and Mohr",Giuseppe
15198,"Little, Smith and Monahan",Otes
10441,Ankunding and Sons,Peterus
6392,Beer Inc,Lurline
8256,Mills Inc,Benoite
10996,Ankunding Group,Gerri
18387,"Hartmann, Heidenreich and Douglas",Ada
12819,"Crona, Veum and Cormier",Ricca
9275,Gerhold-Douglas,Jack
10078,Schamberger-Stehr,Michaela
1085,Gottlieb-Raynor,Eugen
11290,Wuckert Inc,Genny
11877,Rodriguez-Kohler,Schuyler
5335,"Walter, Lehner and Stark",Carmine
10162,"Schowalter, Satterfield and Hessel",Vally
10213,Kunze-Osinski,Elia
12713,Murazik-Luettgen,Cornela
13549,Schulist Inc,Gardiner
9525,Wiza-Fahey,Richard
18046,Rau-Kirlin,Brenden
18792,Prosacco Inc,Moria
6460,McGlynn-Wiegand,Phyllis
11157,Runte LLC,Brina
2651,"Batz, Collins and Emmerich",Jenine
12053,Hermiston LLC,Reynold
16757,Spinka-Feil,Gabi
18328,Zemlak LLC,Graham
11355,Anderson and Sons,Sallie
15674,Mills LLC,Elliott
4926,O'Conner-Schaden,Vonny
11507,Rosenbaum-Bailey,Gunther
18479,Considine LLC,Zane
12138,Gleichner Group,Edmon
13950,Hilll-Lindgren,Giavani
1185,"Kirlin, Hahn and Buckridge",Mechelle
2821,"Fay, Hand and Bahringer",Timothy
18759,"Hirthe, Herzog and Schulist",Muffin
8138,Flatley-Schmidt,Kriste
5164,Schmidt-Reilly,Lisette
19928,Osinski and Sons,Chan
14261,"Haag, Strosin and Kunde",Shellysheldon
15162,"Hartmann, Hansen and Howe",Roby
19741,Ryan-Stoltenberg,Pren
3775,Ullrich-Crona,Larisa
5935,"Schmeler, Reilly and Dietrich",Chariot
13476,Buckridge-Kling,Honey
14816,"Kunze, Douglas and Heidenreich",Carma
11229,"Collier, Shields and Brown",Elberta
13315,Hayes Inc,Glad
19965,"Luettgen, Jacobson and Maggio",Lelia
18758,Dietrich-Gleason,Storm
9748,"Leffler, Gleichner and Howell",Arman
11830,Ledner-Von,Jocelyn
19458,Herman-Considine,Tammi
17077,"Keebler, Murazik and O'Kon",Sigfrid
12310,Koss Inc,Niall
17025,"Bosco, Tromp and Mueller",Felipa
15301,Fisher-Jones,Ronny
5863,Orn-Koepp,Lennard
5240,Dibbert and Sons,Verla
17787,"Quitzon, Lang and Feest",Lenna
17341,"Armstrong, Jast and Kutch",Ellis
6553,Koepp Inc,Reid
3050,"Bergnaum, Auer and Auer",Merla
12280,Sauer-Green,Alvina
17897,Sauer-Ruecker,Marsh
19397,"Hoeger, Marquardt and Gulgowski",Kym
3121,Lubowitz-Nolan,Tove
4514,"Grimes, Kautzer and Kuhlman",Ros
1748,"Schumm, Gorczany and Ankunding",Beryl
9351,"O'Connell, Bailey and Bergstrom",Elnora
9346,Koelpin-Collier,Pavla
6192,Wisoky-Dach,Shawn
6289,"Medhurst, Bosco and Kunde",Jessi
8931,"Davis, Collier and Pagac",Morgana
13150,"Hickle, Kutch and Grant",Johny
14489,Breitenberg-Kemmer,Sophronia
12826,"Howe, Nolan and Ondricka",Hillary
17120,"Renner, Ortiz and Gorczany",Shanie
11917,Klein-Jacobs,Maria
4899,Corkery-Terry,Lyndsay
8790,"Kshlerin, Rolfson and Bernhard",Barbi
17745,Pfeffer-Stehr,Darb
12702,Ondricka LLC,Mendie
2654,Jones LLC,Zach
15255,Macejkovic-Wehner,Morena
13639,Armstrong LLC,Artus
19410,Shanahan-Roberts,Godfry
1663,Dibbert-Reichel,Skylar
11209,Bogan-King,Lexis
1696,Shields-Koss,Kath
6472,Lynch and Sons,Brandise
1970,Trantow-Larkin,Brandyn
2893,"Becker, Dickens and Corwin",Aile
15250,"Jacobs, Roberts and Christiansen",Elli
2347,Lebsack-Quigley,Charlene
14415,Blanda-Pfeffer,Sher
16384,Parisian Inc,Ariella
15974,"Tremblay, Cremin and Stanton",Joscelin
16880,Schimmel-Torphy,Marne
13942,"Ortiz, Davis and Kilback",Austin
2329,"Altenwerth, Heaney and Kihn",Dedra
3771,"Heaney, Sporer and Kreiger",Nap
11341,Schmeler-O'Conner,Brooke
11184,Conroy-Johnson,Gideon
2231,"Mosciski, Buckridge and Bartoletti",Augusto
19605,Emard-Bruen,Dorolice
2238,Johnston-McClure,Dosi
1319,Reynolds-Kozey,Denna
15269,Schuppe LLC,Gilbertine
18648,"Hermann, Steuber and Gleason",Karina
17403,"Kris, Conn and Kozey",Jane
2079,"Hansen, Leffler and Kulas",Laraine
8418,Green-Schuster,Sam
8843,"Fritsch, Veum and Kulas",Inez
17565,"Waters, Medhurst and Marquardt",Jory
5197,Runolfsdottir-Connelly,Rheba
6532,Cartwright-Kuvalis,Jamaal
6988,O'Hara and Sons,Claudius
13508,Metz LLC,Cam
8018,"Jones, Auer and O'Conner",Reinhold
1112,Rempel Inc,Kenyon
6901,"Koepp, Bergstrom and Carroll",Rebekah
2546,Beatty-Weber,Bernadene
5639,Little-Friesen,Abdul
11360,Barton-Wuckert,Jedediah
4302,Hodkiewicz Group,Claude
11378,"Nikolaus, Tillman and Walsh",Ekaterina
2517,"Nader, McLaughlin and Greenfelder",Milton
19250,Friesen-Durgan,Sandra
1960,Zieme Inc,Kylie
9181,Kemmer-Lesch,Nicholas
17845,Runte LLC,Dillon
9578,Schneider Group,Chaddie
4001,Lesch LLC,Aurel
1887,Dare Inc,Dusty
19598,Hilll Group,Teddy
19799,"Hane, Carter and Zemlak",Sheela
1379,Hansen LLC,Ruperta
2099,"Doyle, Bradtke and Powlowski",Aleta
5581,Hamill Group,Pebrook
5901,"Douglas, Simonis and Bergnaum",Sloan
18847,"Hane, Kutch and Effertz",Sapphira
5175,Schamberger-Schowalter,Temple
11910,Davis-Swaniawski,Steffie
5928,"Little, Schinner and Sanford",Luelle
13680,"Bode, Turner and Nicolas",Walsh
6427,"Schmidt, Kilback and Bradtke",Harper
12853,Doyle-Fisher,Hadrian
1837,"Brekke, Rodriguez and Weimann",Lillis
5939,Moore Inc,Robena
18217,O'Connell Group,Reinald
9017,Jenkins and Sons,Roger
10145,Watsica-Cormier,Rolf
11982,"Gusikowski, Hodkiewicz and Lind",Milicent
14374,"Kertzmann, Wiza and Dooley",Lorilyn
8849,Welch-Fahey,Randal
4726,Gibson Inc,Candi
6946,"Metz, Keebler and Lockman",Randolph
8988,Tillman and Sons,Amanda
14141,Hintz Inc,Haley
16780,Pacocha LLC,Jerry
8027,Keebler Group,Shermy
13050,Jacobs Inc,Carlen
3408,Murray-Wunsch,Sharlene
4675,Brakus Group,Cate
1087,Kuphal LLC,Brina
12491,"Klocko, Casper and Hudson",Darin
7626,Dickinson-Mertz,Caty
1417,Veum Group,Donni
16120,Schneider-Vandervort,Ernie
12284,Wilderman-Bergstrom,Katheryn
18094,"Ernser, Dibbert and Labadie",Laurens
15663,Hilll Inc,Northrup
19813,Skiles Group,Renee
13057,Hahn-Kihn,Inigo
3487,Johns-Dibbert,Krissie
4039,Hilll LLC,Zandra
8430,Ernser-Auer,Brendin
14527,Johnston LLC,Bell
9027,Prohaska Group,Zorana
1629,Kemmer-Maggio,Lindie
6456,Leannon and Sons,Valentine
2645,"Kuhic, D'Amore and Douglas",Mathe
14656,Nader-Price,Adaline
2893,Metz and Sons,Oralee
5829,Lynch-Ritchie,Nathanil
13430,"Hirthe, Jaskolski and Lockman",Oby
13850,"Steuber, Ullrich and Armstrong",Daron
5385,"Olson, Kuhic and Roberts",Tabby
18858,Rutherford-Wilkinson,Zorine
19177,Ondricka Group,Jasmin
16315,"Berge, Parisian and Brown",Herve
11734,Sporer and Sons,Richmound
18620,McCullough and Sons,Drud
6513,Kunde-Kemmer,Dorette
15236,"Herzog, Marvin and Pagac",Cassandre
19146,Reynolds-Grady,Nanni
7528,"Beatty, Hermiston and Conroy",Anya
3732,Carter Group,Trix
14793,Dach and Sons,Benedetto
1942,Walter-Pouros,Donalt
1767,Kuhic-Pagac,Mel
15211,"Okuneva, Monahan and Funk",Dusty
14527,Frami Inc,Lesley
14301,Reichel-Raynor,Josie
4390,"Kling, Hartmann and Christiansen",Lilias
5984,McClure and Sons,Brynna
5176,"McKenzie, Lowe and Skiles",Horatio
10470,Zulauf Group,Norby
13718,Goldner and Sons,Janaya
3210,Gibson-Kreiger,Tersina
11086,Bartoletti LLC,Theo
2293,Rippin-Huels,Foster
5813,Ankunding Group,Alphard
6432,"Stark, Dickens and Senger",Mathew
12299,"Hoppe, Ankunding and Rodriguez",Casey
6229,Bradtke and Sons,Zia
1430,Hirthe and Sons,Stevena
12172,Mosciski LLC,Anastasia
11398,O'Reilly and Sons,Constantina
1397,Jacobson-Lindgren,De
18512,"Franecki, Nicolas and Hamill",Noni
12251,Corwin-Tillman,Earl
5619,Kerluke-Funk,Gypsy
15301,"Gerhold, Williamson and Dietrich",Stephine
16210,Mraz and Sons,Marco
5099,Swaniawski Group,Christos
6247,"Oberbrunner, Rosenbaum and Bernhard",Brock
3435,Renner-Deckow,Jerrold
16657,Sauer-Ryan,Selena
7304,Rosenbaum-Ratke,Adriaens
12064,"Jacobi, Batz and Block",Lisetta
3955,Mante-Wilderman,Ned
17771,"Homenick, Cronin and Schiller",Allin
19948,Morar Inc,Cortie
13333,Runte-Parker,Dawn
1896,"Bode, Muller and Cormier",Sanford
11774,Hintz Group,Georgie
11806,"MacGyver, Prohaska and Rogahn",Mabel
9038,Braun Inc,Starla
6541,Lowe-Stark,Sutton
17957,Maggio LLC,Allie
10834,"Bins, Marvin and Ruecker",Ginger
18536,Ebert Inc,Nobe
5420,Schuster-Shanahan,Lira
1111,"Von, Walker and Sipes",Cynthie
14602,Gorczany Inc,Glori
7270,"Greenfelder, Zboncak and Roob",Alisha
19616,Johnston-Hansen,Jimmy
9009,"Moen, Dicki and Thompson",Nissie
2658,Purdy Inc,Cleve
13098,"Schaden, Waelchi and Botsford",Elenore
7781,Cummings and Sons,Daveen
17787,Reichel Inc,Amalle
19138,Cruickshank-Connelly,Letti
17704,Will-Abernathy,Marian
16858,"Mitchell, Pollich and Douglas",Ernesta
6434,"Rath, Collins and Casper",Jessika
7818,Gibson-Walsh,Urbanus
4863,Parker-Muller,Jacenta
4717,Blanda LLC,Josephine
11395,Zieme-Tremblay,Marianna
4334,Gislason-Quigley,Hyacinthie
14564,Doyle-Barton,Anton
19594,"Gleichner, Conn and Schmeler",Eldon
10437,Greenfelder and Sons,Devland
9616,Klein-Casper,Nessa
3490,Leannon-Reichert,Blancha
10324,Johnson-Hilpert,Vilhelmina
11921,Larson-Keebler,Edlin
17058,"O'Connell, Cremin and Dibbert",Anett
1747,Carroll Group,Corrinne
11916,"Reichel, Murazik and Skiles",Tillie
17351,Kemmer-Hirthe,Kirsti
4842,"Carter, Hackett and McGlynn",Winny
7909,Sporer-Mitchell,Pamela
11447,"Kub, Mertz and Hackett",Demeter
15615,Medhurst-Stoltenberg,Ky
1235,"Zemlak, Kohler and Bernier",Cristin
7030,Anderson LLC,Patrica
19482,Labadie Inc,Daryl
13710,Dach-Wyman,Hamilton
15485,Sanford-Senger,Caryl
2593,Eichmann Inc,Joana
15815,Barton-Zemlak,Uri
9791,Miller-Cummings,Tynan
14291,Schumm Inc,Pepita
5021,Lindgren Inc,Alphonse
8830,"Farrell, White and Greenholt",Harmon
14045,Lebsack Group,Lorettalorna
5955,Ward-Sanford,Venus
6902,Durgan-Greenfelder,Melantha
13515,Purdy Group,Kelsey
6062,"Gerhold, Osinski and Quigley",Fina
8453,Kunze-Conn,Ethe
3418,Cormier LLC,Marge
14175,Klocko LLC,Ruby
1881,Auer Inc,Alejandra
3373,Baumbach-Cole,Cesaro
16444,Harvey LLC,Latisha
12509,Huels and Sons,Nelie
3295,Simonis-Pollich,Celestina
18449,Bashirian LLC,Deana
14273,Wilderman-Murazik,Jacques
14306,"Jerde, Pagac and Nicolas",Philbert
12352,Hintz-Homenick,Josefa
5052,Bosco Group,Hyacinth
11672,"Hahn, Conn and Torp",Gaye
10337,"Schinner, Hirthe and Batz",Darill
15451,Lowe Inc,Donelle
18334,Walsh LLC,Joete
4531,Crist-McLaughlin,Cal
12443,"Wintheiser, Breitenberg and Simonis",Latrena
4495,Mraz-Cole,Monica
17394,"Rohan, Schaefer and Block",Marybelle
10221,Mayert Inc,Packston
2323,"Heathcote, Considine and Pollich",Allister
1013,"Hackett, Hegmann and Aufderhar",Gerald
12691,"Hartmann, Sanford and Nienow",Cleveland
2201,Thompson-Bayer,Modesty
12968,Weber Inc,Ulrich
7293,"Wilderman, Lehner and Ernser",Hatti
7079,"Stiedemann, Langworth and Trantow",Renaud
4881,Reichel LLC,Corrina
1559,"Schuppe, Anderson and Roob",Carry
16123,"Pfeffer, Grant and Jenkins",Shel
10944,"Walsh, Crist and Kessler",Rosabella
12241,Kertzmann-Hintz,Davon
6768,Ward Inc,Freddy
16211,"Torp, Mante and Mraz",Che
16684,"Kertzmann, Kutch and Ward",Portie
8862,"Upton, Schimmel and Bosco",Paulie
14977,Tromp-Lemke,Dulci
17623,"Bins, Heaney and McDermott",Clem
12824,"Wintheiser, Murray and Weissnat",Eirena
18041,"Haag, Wisoky and Dicki",Janenna
5794,"Ritchie, Olson and Paucek",Anica
14293,"Frami, O'Kon and Hessel",Saba
10945,"Kuvalis, Reichert and Senger",Fanny
7504,Bogan LLC,Marietta
15527,Rodriguez-Parisian,Iorgo
5300,Bahringer Group,Jemimah
16057,"Lynch, Dickinson and Lindgren",Pembroke
12492,Weimann and Sons,Chicky
14582,Rau Inc,Emlynne
9955,"Keebler, O'Connell and Zulauf",Pammi
10463,"Dare, Kunze and Bins",Cornell
12861,"Quigley, Gottlieb and Aufderhar",Ailee
19960,Reinger-Dicki,Kristopher
6337,"Stracke, Lowe and Berge",Cornelia
17805,Harvey-Legros,Hilario
8806,"Hickle, Jaskolski and Legros",Ferdy
18582,Wilkinson Inc,Carly
3703,Kris-Zemlak,Maude
4639,Yost and Sons,Birdie
1214,Mraz Group,Gearard
2266,Adams and Sons,Cathryn
12248,"McLaughlin, Ortiz and Miller",Cletis
4622,"Beatty, Lang and Kunze",Ealasaid
19214,Reynolds-Jakubowski,Gar
11712,Murazik-Kertzmann,Hana
12569,Bartell LLC,Tildi
10473,Runolfsdottir-Blanda,Ara
14862,Little Inc,Glynis
7431,"Hills, Gottlieb and Schmitt",Tabby
17757,Buckridge Group,Barbra
15379,Thompson-Halvorson,Blair
17388,Roob LLC,Huntlee
8500,"Gleason, Walter and Towne",Tildie
10275,Stehr Group,Benji
4079,Kreiger-Hagenes,Terry
9952,Cremin-Bins,Torrey
1930,Satterfield and Sons,Zebulen
2297,Krajcik-Wisozk,Joya
1923,Russel Group,Scarlet
18803,"DuBuque, Hackett and Stokes",Roch
14515,"Trantow, Kreiger and Watsica",Hanni
11859,Kuhic and Sons,Suzann
2180,Turcotte-Beier,Emogene
12367,"Flatley, Gorczany and Rau",Ki
12954,Koelpin-Kertzmann,Hyman
10991,"Smith, Denesik and Willms",Heriberto
9143,Goyette LLC,Wynne
11242,Gutkowski-Beahan,Gray
6767,Bogisich-Pouros,Fionnula
10330,Jenkins-Dare,Carey
17563,"Funk, Hagenes and Ullrich",Jo-anne
7372,Sauer Inc,Johna
9780,"Nikolaus, Reynolds and Upton",Hernando
14564,Pollich and Sons,Marybeth
6163,"Hills, McClure and Breitenberg",Susanna
11106,"Heathcote, Bernier and Hackett",Ado
9632,"Von, Koch and Maggio",Erina
18321,Sporer LLC,Courtnay
10019,"Stark, Gislason and Kuphal",Mable
3681,Leannon-Cummings,Jessie
2100,Tremblay-Gleichner,Kermie
2736,Mayer and Sons,Frannie
11996,Will-Emard,Tanny
14327,Hilpert Group,Fidelia
8745,Veum LLC,Jamie
7231,"Simonis, Hackett and Volkman",Miof mela
1729,Schultz LLC,Fernande
6484,Skiles-Weissnat,Hana
3825,Purdy-Eichmann,Geneva
7617,"Beahan, O'Conner and Larson",Allegra
17487,Walsh and Sons,Tracy
2089,Ankunding-Reinger,Asia
15970,Dickinson-Ryan,Tremayne
10963,"Braun, Bode and Bartell",Kasper
13316,Hilpert LLC,Alano
14353,"Dickinson, Stroman and Rowe",Karia
10529,Roob Inc,Josepha
7307,"Sipes, Champlin and Muller",Jessy
1941,Jacobson-Roob,Joana
16838,Pacocha LLC,Marin
19285,Weimann and Sons,Colan
12361,Cummings Group,Cris
12006,O'Connell Inc,Datha
2323,D'Amore Inc,Petronilla
7580,Hickle-Rohan,Magnum
2715,"Trantow, Considine and O'Reilly",Roselia
1252,"Simonis, Ziemann and Lueilwitz",Merrily
2845,"Reynolds, Sporer and McCullough",Darren
2844,Wuckert-Kuhn,Augustin
3081,"Rosenbaum, Skiles and Conn",Kylila
11063,Ruecker-Yost,Domini
11800,Bogan-Flatley,Jedediah
9222,"Huels, Abernathy and Walter",Ludovico
14321,Treutel-Predovic,Perrine
19729,Schoen and Sons,Jaclyn
